auc_judd,cc,mae,nss,sim
0.8130340011862818,0.5505260467522803,0.1818160300395024,1.3252300577211944,0.48925141788629917
0.9044777947148599,0.7145429130759257,0.07673520349545859,2.1007449258735,0.5262546143893063
0.9134420249243168,0.7915856864822196,0.046761017933281246,2.87991520400062,0.4811884508914592
0.9663070285076473,0.8091589074683325,0.059399152336265415,3.8972726588875792,0.5031026908577808
0.9058208712396741,0.7828650966975333,0.08233329304071955,3.4724412478984736,0.3736011328384306
0.8878284724863951,0.6730931634107424,0.15464925185963016,1.83607071236929,0.470098069287772
0.9454553124311834,0.7421531756335967,0.10156145917959648,3.1187304528682365,0.4054322825887603
0.8668254933960134,0.6088757324636292,0.08921454290736801,2.961282357992937,0.33667746323533804
0.8863555727938044,0.6530959418787982,0.10335402583372975,1.7117168914125092,0.5776915879233905
0.7858908423426857,0.3997137262240119,0.19358219540166413,1.2180448836762412,0.3501453127930384
0.7634402713183114,0.45902532564857657,0.17362032039359188,1.3646228564007132,0.37180021349483144
0.9314871342571573,0.8484184077102851,0.06432924992890977,3.0749115235127724,0.5361517724602308
0.8992172923115812,0.7302444994173599,0.12387349663422911,2.3037561311627757,0.47819492003291464
0.7963552559244209,0.34803883418735326,0.18044640417040822,0.958449864087082,0.3538034247714673
0.8941291184459703,0.5656817107033315,0.0766922611183352,1.848397986402924,0.40597818363780264
0.7981677445819639,0.5644245053947401,0.18729084898476234,1.1362525839393864,0.5278599452592428
0.8837502695362762,0.5629571938230693,0.1831174392540799,1.7669647635821701,0.43832977141526014
0.8221959407904776,0.5256567615889407,0.2663368366699797,1.1924515371233277,0.4590616188259486
0.9417020441584573,0.6168443916922576,0.12274521574342569,2.4396372890114137,0.44204140490450716
0.742149186005331,0.3225688665123973,0.11181009971185273,0.7664935453950932,0.42889084718837
0.8586317583902732,0.6484097489766321,0.07455260944662216,2.217929297395543,0.5225927415353102
0.8205444522473802,0.6598731266666058,0.08686972012143557,1.693755328532979,0.48438033094594946
0.8812546234597206,0.6679287063014665,0.15142035045109054,1.7446342857435382,0.539187837898215
0.9550516047212603,0.7530808218324906,0.052712490684272556,3.891558560162835,0.4736523382889175
0.8575821557978787,0.5359920020966472,0.20483148059560502,1.5174847085374719,0.5288810101707936
0.968777410681455,0.588632586610986,0.157504655839285,2.8913420456127086,0.34261010619085014
0.8972587819326138,0.6228644626404207,0.13229529974552992,1.7502172771656213,0.4747558495721276
0.9125489456274088,0.7219324854294545,0.10363790490923633,2.5697316016689356,0.47499551963652464
0.9753091507411288,0.6616485301558153,0.07167464660998187,3.8156806525224694,0.3744731329632629
0.8591517316109899,0.542881265330248,0.22165953149678944,1.3936633130633207,0.48751653968386255
0.8716508334965664,0.738490987209523,0.10340273955870762,2.3559796066375203,0.4861480791303266
0.9382927752907666,0.7564590088318967,0.09637284381992588,3.162229018070871,0.4162197762879629
0.9155502818823258,0.6908509194894343,0.16282802098812202,1.985167048286168,0.48910602368178485
0.9015164308827094,0.6267756130968835,0.09125767543581655,2.126542420272374,0.47306807495639464
0.8044263564501635,0.4711852706327268,0.22758339882791914,1.1561240431586983,0.4534971515828205
0.7809330683847775,0.3671909715621018,0.15204796120538797,0.8922597367709039,0.39843306815605933
0.8541634153077223,0.43300483218499497,0.06602216862964948,1.245559126951897,0.4415846292178727
0.921774289836151,0.8162536768606151,0.054792484426895965,3.1088483725089437,0.4957184574274698
0.8037250349618336,0.44286152424749387,0.13055521276690155,1.1549846738239358,0.4071072024929992
0.7498578180529959,0.39312315464150843,0.2356968813785215,0.9847360787817185,0.38040815287916047
0.8728634081560345,0.581967987944138,0.13027108150590025,2.055506015598084,0.4351593870400088
0.8410291299998305,0.5592948471946688,0.09982524747113276,2.095538735595916,0.3723627489620973
0.8928927014748773,0.736932774434936,0.06695446186502647,2.513615731693452,0.5223112831798791
0.7891171046033026,0.31981155811905093,0.27887529616990936,1.0301526390832834,0.3012439109565746
0.8519542442555266,0.596255616077073,0.17631895612733892,1.8846086525666357,0.4070211262145113
0.7921666487055284,0.6015024872615294,0.061289443426151724,3.5653716789765872,0.29573568042815535
0.8504387042625834,0.5020553303727554,0.15562841383950607,1.5777281959876397,0.3474300378715584
0.913284497253426,0.7403738195535059,0.09653435383918359,2.690863446534196,0.4519458103640954
0.956716844175129,0.7756267554048072,0.10079396251256664,3.078310605415426,0.525032972660004
0.8921036221199665,0.6124924040422121,0.18755307573055563,1.9624775244444799,0.41254894055915814
0.8504201601720973,0.6134674956416207,0.07720818465746992,1.8053678090150411,0.43881784823594067
0.9264402915205262,0.7781150329929818,0.07294432291050768,2.4972568685428715,0.5536494729621535
0.9008352158773506,0.47617278854389244,0.193631104203791,2.0478854993647415,0.3360245761782833
0.8645613029720974,0.4239376362024466,0.18056980193605873,1.5111726061356885,0.3950244133865052
0.9157579872259948,0.4477450246119078,0.18658308994186293,2.082108920200307,0.368525605703555
0.8032397076274195,0.6804151668305568,0.06375978683689978,3.2719038010162254,0.3540887218765921
0.914343141656948,0.7735900726319298,0.13567617118165426,1.9647654030194712,0.5387942398803783
0.9686813069608946,0.8237950342322744,0.04667889810133688,4.306460889118992,0.44827885239351145
0.9148010702204952,0.5540460528691156,0.1295999635985577,1.9596863368206028,0.5242209395476605
0.9300855858699153,0.6981804547459319,0.10823263387544181,2.2493989762086732,0.49716048659838163
0.74494891358164,0.39503705047052656,0.20550777807597032,0.9201795740201597,0.4061079055070426
0.8017952111902806,0.6328286449816071,0.19267554714589466,1.0825187862685828,0.5955386143566268
0.8994749027269254,0.6966259573272161,0.09405467273103152,2.122081567925814,0.5094782216687693
0.8344950406436658,0.7364696650356377,0.14760830581222267,1.8790915797310894,0.47776163208219385
0.8471756317445428,0.6108572648216014,0.10448252354951454,1.5544558968569913,0.5244034931991446
0.8997420743493707,0.7908815025995469,0.05699923506202234,2.9734272344249972,0.47061632558532723
0.9462666962568306,0.7292258913735148,0.0612588823728131,3.53365230817405,0.44851275122545714
0.725851425090192,0.5304073825085187,0.20506654922949932,1.052078677585302,0.4649993755576331
0.8915549298974701,0.5930579071876748,0.14886428596670007,1.9965319988516226,0.49944778385795274
0.9391725541691587,0.7832296930700494,0.10081487391122403,2.6515622724781975,0.4564880193298965
0.7962202094811166,0.5521765670523596,0.14043456291390313,1.7547964429133347,0.37994109065304105
0.7472266927808358,0.38700570801207285,0.24475028892688316,0.883541238891913,0.44934730867138795
0.7538366617866461,0.3143144900839123,0.11233442372155804,0.8187732084595432,0.3398231802280033
0.848488926811862,0.8383834272786371,0.0499464010172049,3.6453082799851,0.4846643671347295
0.8785646321977437,0.7880215363981359,0.056507054235139145,2.2449360355818824,0.5843872783977752
0.9491376586565432,0.6504121162727282,0.12318829256046185,3.355188387037842,0.357259631825669
0.9156856621294118,0.6085200559205336,0.1333951675616016,2.169273954336389,0.4327149553596402
0.8882337113926924,0.6425144133818406,0.14468407221421214,2.0799533184076084,0.4759735614883717
0.8879471018858069,0.6045550713145029,0.22520039302949574,1.7466720285821535,0.48562829685893727
0.8696374419991018,0.43648119851740685,0.12321737265831421,1.6272076126578423,0.3605297698069369
0.8378987627705782,0.6069564308577973,0.13978171433094647,1.7290861671021136,0.42877018075150414
0.8931618175522131,0.5876361021090049,0.15513508736504245,1.766394040395065,0.4660937704708218
0.9043421879999642,0.6138393642946084,0.08721148690453132,2.1236239063197977,0.4463958588509358
0.8444257182083973,0.33271949671431506,0.19830601546337143,1.224784004832849,0.276544200867231
0.8908174585653885,0.8341728261552372,0.06513424741087549,3.076015654168653,0.5472950354066564
0.8629790368281304,0.5724256782574736,0.15040018843876204,2.5582737287079027,0.31838865780472037
0.7066607099477354,0.25399649928577184,0.11411424960518522,0.580847651902345,0.369015143955475
0.9573562746648762,0.4721763627504196,0.22011076381940906,2.4448446372266472,0.23425185701062992
0.9094111371564519,0.47319569069026296,0.1336288254738949,1.924790761528264,0.4105177868695175
0.8717828196775104,0.4935111113477746,0.21658808368985782,1.392546046614784,0.4380352208652213
0.928956727736338,0.6632819245802023,0.09902200961768015,2.3539614290484128,0.469500628793698
0.8985139349383062,0.7362965747936168,0.054198833507419185,2.6251201872352703,0.49844897461942045
0.8682203312596752,0.671244396117337,0.18952337799603738,1.7821719676622314,0.46837925648214407
0.9056679064046222,0.6694511968384216,0.1077115612756232,2.196219687455402,0.45874403150147935
0.921685913830308,0.6425976215264922,0.1577471421875472,2.2097844990540803,0.38286184001603135
0.8716631974341537,0.5827869925988608,0.13422809409855307,1.6455339404068208,0.47793487489527786
0.934009034186628,0.6713913224395439,0.11856570061919167,2.5872736730240096,0.4131982295142598
0.9203009694090988,0.6020509061889707,0.10186604705746387,2.107390518235661,0.45977583910404524
0.9013146399746819,0.5207955631359856,0.22387032958252392,1.7656873498247183,0.4054394756642788
0.9053873561661578,0.6645617436246973,0.11465389205985312,1.8259087665121372,0.4527748847738185
0.8314256163695095,0.5674680313770291,0.23915669838124423,1.3995817868410851,0.43811546444922495
0.9264205117075078,0.8149501200159771,0.056043499989040395,3.1334561264882748,0.5436255251283498
0.9408605876655781,0.5384433445065591,0.2064216854958754,2.5114602392639647,0.2906501405096059
0.8824470181791251,0.6167556728166282,0.10402593754731371,2.505596311335271,0.3858983364937462
0.9293573718684637,0.7639559595054374,0.05153980407329415,2.9948967220818425,0.5287738437333417
0.9312199112471162,0.6619260176219931,0.11465768455175292,2.520019789164481,0.37499829361398745
0.8986704457530876,0.5060502777883952,0.18193271407078485,1.7966302798167995,0.35209759914084066
0.8922068394998297,0.5653307658874435,0.08747558236722659,1.959608046530224,0.4763169671640972
0.892124380127104,0.46464329207421157,0.16232671013375607,1.6730166584306705,0.40631260300345634
0.8731260894975215,0.6168076361813974,0.09600593596157866,2.4084754016787553,0.4575172763705772
0.7122383878409001,0.2802100460822849,0.21194848515287212,0.6850702885628369,0.3343973067507942
0.8590264861657682,0.7641110740874546,0.07351133341591927,3.7221366831930873,0.40636221513833465
0.9481062100469447,0.7281920422222729,0.08915996493936591,2.99392429001459,0.4588845972602176
0.9044787988469343,0.5962933843227459,0.17155779282912428,2.1946666021171204,0.4031585941579901
0.8218375879853649,0.6804030412225038,0.07055907296914772,2.1635374174390356,0.48217329184465707
0.8960161395438966,0.5727674386783014,0.18961292736852453,1.7549229320179527,0.4033625111815946
0.8158984302758417,0.5874981795122486,0.16808331846344282,1.1875617779424672,0.552934879616797
0.9483135154281703,0.8535505049442957,0.05329108997848928,4.576355815615152,0.43039262270176526
0.9293851047006099,0.7083004987477722,0.08713235413341171,2.750973029357877,0.43552160432755965
0.8731384073565537,0.7234301023256668,0.09152066523361092,2.1169374662009335,0.45147299021490755
0.825180850856654,0.5897632648057829,0.0898539582225339,2.048627339429499,0.44783610167190924
0.8886655562268445,0.5799563393625217,0.2144755959194485,1.7240629010828499,0.4391172492070226
0.8413465383398047,0.5726819578287033,0.11794307386427504,1.8340798631567405,0.3522274452937209
0.9382698443011371,0.7163342555534582,0.08088758576210274,2.3309561376570316,0.5207162400813358
0.9082624241052378,0.6714110779596628,0.06917155636690862,2.16032293524537,0.47466078553324725
0.8615654203197621,0.6106865203695718,0.11674613781214159,1.606537487225374,0.4972452738620332
0.9112486992261402,0.5864947760662439,0.07407952587185312,1.7097067445508554,0.4547036045533468
0.9243663238138252,0.5516672620116637,0.17173437776507613,2.3867420698984705,0.3797895260167791
0.8557107904760936,0.7674868845780214,0.045225809421005875,3.1916566479430712,0.43576245322538515
0.93699866333278,0.6043706982206494,0.11580657764618957,3.017987002484275,0.31271222452842634
0.9585843773662969,0.815452590699261,0.04679626747248852,3.7114577661233055,0.5282491204672827
0.8104792398729427,0.6138131125581677,0.17484801568495814,1.2102072868451157,0.5155417216239483
0.7215148821804942,0.4194077469881594,0.2375477489827464,0.8012978625392801,0.48614625523121535
0.9268501190845433,0.6545870838493878,0.12640852263563954,3.1261479345383676,0.3111167842316054
0.9115820354971497,0.673930098532325,0.11779683635422478,2.1580841181635133,0.44767367891366117
0.8995936751340288,0.7751984985508916,0.08285266345472034,2.7945142113393495,0.5171376055096885
0.7947594066663206,0.5174852687338817,0.0844491149393549,1.0578516278669943,0.5122526066412295
0.8623699940698406,0.6333514332672477,0.1516865148881515,1.606977443656964,0.4880155530330407
0.7427359162490552,0.40980590673105466,0.22283013787995962,0.9958163608835364,0.37137409487690104
0.9582095628430383,0.7403362202536659,0.10667680279233847,3.2354230832668915,0.43118321430105605
0.916799614243934,0.7235087114503497,0.11221135107020301,2.7797650064366906,0.4385950264984588
0.8466069316948566,0.6040487062224452,0.1714202888932929,1.600229196115785,0.4179920753027459
0.9530270131725683,0.6014087007482376,0.08575490747165393,2.766745439495001,0.37210166198845857
0.7396295591096105,0.35166682246356873,0.24116031764733029,0.8154957925921694,0.4065138170167532
0.8129244891545688,0.5967000890552775,0.16419448799163308,1.253663699216551,0.5037407576423791
0.863913129064313,0.5321282957690794,0.17116504502225768,1.5188734100441597,0.44184582510139403
0.9101777810435926,0.7399378668565341,0.07421648139241423,2.828423354354477,0.4814984565401428
0.7712966970542305,0.39287183809212184,0.234806071628369,0.9860114916917081,0.43527716391233956
0.9581652346381978,0.8451196138755303,0.05844883055055112,4.107952625936955,0.5030371147429419
0.7049455277273214,0.1879070635988571,0.2948012926052989,0.5799503784995581,0.3139933733737693
0.9776328899568101,0.8382070007117056,0.06851018882339077,4.505004116585732,0.4463635638542787
0.9370629035855841,0.7607569617009017,0.15142605256406375,2.400017402217101,0.47138863557255667
0.9360713014379123,0.8914780869986173,0.04089556580000397,4.028639085682613,0.518065327593121
0.7853629721626928,0.39695817789124216,0.23600110066940216,1.325839873301313,0.33552881901909365
0.952716613786219,0.8347886287277533,0.08621732122737176,3.0996121346738095,0.5199456947371566
0.9380222565726098,0.6857098935944412,0.09888181186983559,2.377197095183873,0.471177764847859
0.8890917880863403,0.5998323208638473,0.15067752830330206,1.7864242989726122,0.41439360426618094
0.8529758977421289,0.5252513465595585,0.141040308058044,1.8500422795468383,0.3975413127720886
0.9534976438655468,0.7915501771375568,0.06393245223652701,3.9671520760894774,0.44951960225087145
0.9494030375686662,0.6857180496310178,0.08188968577548565,2.8157673183219254,0.4736947725153404
0.9292150233823762,0.7884951145160538,0.08556079334423154,2.629180548065854,0.5065080940677863
0.8839743854270651,0.6526182666217211,0.20063533325221922,1.725508017767747,0.4752137627607105
0.9065351639279758,0.5518453292596844,0.1622414721273991,1.9243912811175556,0.3594786294135417
0.8696310185070583,0.6127187144821286,0.12191854582461419,1.672235063225147,0.4623198244869891
0.8739393786313309,0.757366958623221,0.08090165365643846,2.210895459806774,0.5415034396453556
0.8916604203007921,0.6932635970405877,0.07754162088119985,2.392494806043375,0.4337433228804483
0.8822999323965273,0.790354902694882,0.08696700780238568,2.821499304074874,0.5106005352717067
0.9459993424044225,0.730526251416439,0.09941194844229499,3.0511621901873296,0.43311694071115137
0.8937334749862568,0.6273619003420448,0.09712990743365846,2.2602784804716807,0.3999015838068812
0.6074504334408737,0.04446564410900158,0.19830637576279475,0.18322517780020584,0.18882928819242237
0.8714250621794138,0.4067958718508225,0.19827377408068445,1.4612333428736934,0.3278854982115884
0.8837475854557387,0.7245348657383196,0.10456994403920469,2.0173599942782494,0.5510241586960964
0.9085827035420672,0.6708988261490213,0.13221543225991614,2.54614917087236,0.4654992894594467
0.8933862034104654,0.6011655099041257,0.20153276947237816,1.7592344247805005,0.40941625188985403
0.9577286956088977,0.8241844162825132,0.07065562179535134,3.545865453151084,0.48867566399051365
0.927704431561385,0.7592053077895272,0.07570387551685018,2.8517086859854337,0.49755403996720504
0.9067923032832502,0.726925309033085,0.08008032887862442,2.3268213180918305,0.5040809463128972
0.8706368695333702,0.5340714036951854,0.08111134873446767,2.319353223494287,0.33684888431061133
0.9242865088883355,0.5981064211339815,0.08685611551816884,2.372355446408142,0.40966594368257087
0.7337004269139119,0.43608124834751183,0.2539454663413893,0.9065482149882255,0.4294539889212045
0.9348813745679139,0.6240551024586949,0.06586950945954062,3.2104756428895946,0.38160168995022514
0.8524490723948324,0.778329600616025,0.09201002733564168,2.5370197042845275,0.4588466614512587
0.9488509472694109,0.658857270555825,0.11788865536860405,2.6614395985735895,0.4260656940320582
0.857604027991714,0.602263997045323,0.15186283138871437,1.648990183305549,0.48713531934664916
0.7513471261478999,0.45207455230015287,0.20657442891125244,1.0721556857917198,0.39194658696175816
0.9186890634246355,0.625175750127112,0.1524539478694731,2.2366637121593094,0.3962536316884744
0.9221525931182232,0.6027417102192062,0.19216765837551064,2.014616998042784,0.3597005172027571
0.8744939227809212,0.8401597344773472,0.037442564571502274,3.5080399651461542,0.5137867602307374
0.9061013548579281,0.7257527117000605,0.11460954886571516,1.8862051445111665,0.5326423298873376
0.7731975630225153,0.17040109622640362,0.13919727497908668,0.5899625388436359,0.291622986925443
0.9254550943183605,0.6056248363457929,0.12310679451428759,2.9134041067741028,0.27409828358998833
0.9427690967747187,0.7118754302795689,0.09150470764727418,2.288638879107314,0.5006866508088756
0.8417162034823391,0.4966652602231485,0.2030869317852689,1.3638281611760352,0.3826999418511941
0.8662353825096033,0.4824431082656973,0.10437842135529145,1.3856578752808133,0.45751448577348214
0.9319213029196662,0.6691105264155158,0.1282996772270614,2.95800255896172,0.3626634980327891
0.9011058594703751,0.7134367218398976,0.1063093459637318,2.3182256579200677,0.4596735542222248
0.9561752922541322,0.6163363935365535,0.08232024974937895,2.7746411268631617,0.34974574476881076
0.8841213517346884,0.6201606325097738,0.10712468811000504,1.9830759414341605,0.41333947989619263
0.907960141651585,0.5532384846184607,0.16848562593518904,2.037027032282071,0.4121220283004301
0.7730743087983519,0.4922720074209731,0.1768701483748011,0.964396763506826,0.5337696682182728
0.906020916709383,0.4834365289094683,0.2004907550415342,2.325688658026482,0.22967321616655792
0.9493261138080602,0.6998509242636632,0.09590991017609182,3.4649197691605327,0.3971163556089415
0.8203853908945493,0.5771906020012627,0.2323358792541276,1.36377607936289,0.41787192332256456
0.9332948021826144,0.6944035837094765,0.1073487692539743,2.405199396615275,0.4600333777522997
0.8795685817161166,0.609648625805134,0.1910604789324956,1.6696188350743855,0.49907926181152396
0.968185282478074,0.47634871761960845,0.17381755746345587,2.546928986756794,0.30367538792478355
0.8513614869200419,0.5385085886375487,0.21877298145510526,1.3533373266496727,0.42598817140232625
0.8315540451801551,0.5303702829678981,0.28684761575242246,1.1940000725689783,0.4333654849315693
0.7848530630947347,0.40355707787607886,0.1707268715706689,1.0378233684458007,0.39084191849454
0.8691650276096331,0.659009213878643,0.19061875853112478,1.7257885000595534,0.47889718872679465
0.8581961935861673,0.2717430308926772,0.1662474543928201,1.238624336889573,0.2621720826052534
0.7707701723336671,0.3709235331332383,0.20638085026873235,1.0431936642693733,0.33692697027660695
0.7741294010412072,0.5617620013670387,0.08702801913774155,2.1216214705219416,0.3613547288655082
0.7910450757925944,0.49653643505694545,0.15541105220079102,1.132198846186089,0.5309959638089496
0.9005904165919867,0.5509326649919812,0.1577809064418476,2.412130154153937,0.3290074674890037
0.8770078656191657,0.6047040196532354,0.21053408525197195,1.5997673354726971,0.48008856942914624
0.929621174500997,0.6775093092293907,0.1265974503047766,2.5621858198129903,0.4172765560342224
0.7714818684053848,0.5028121170838182,0.17915681055212684,1.3714777886457372,0.3969565312514814
0.8672042172138116,0.5384283313428901,0.09939453888340061,2.0703472211122986,0.3856037838653369
0.9651569270270586,0.7001048285046242,0.10271065149523657,3.0205408662049447,0.46781116789699356
0.9196714337799559,0.5592839682277186,0.21586332871412953,1.9877886977469463,0.3965820092630862
0.921999822725428,0.8555837050400984,0.06746158741153956,3.7710367963635814,0.44926881450577455
0.838490801319554,0.56335569366276,0.06189545793246239,1.87442774193969,0.43945944942759296
0.9178127476978729,0.7958530472855674,0.07178724822714216,2.7900137404440475,0.5295871164982303
0.8648789803252229,0.5352935861237642,0.11219660405950511,1.627553937085132,0.46312764859960476
0.9198025645561403,0.5796336715893596,0.09082001132571198,2.682451374813792,0.3971651945104679
0.8616905613143125,0.5145652132368072,0.19588192932192267,1.5838574169733313,0.38200167457167333
0.8935100792375267,0.6042913708566502,0.11178086140446342,1.7560096909796112,0.49353931846004706
0.8464446527831595,0.5897161987922657,0.17425168611184927,1.4391830887053507,0.44198915052324694
0.8346405254777143,0.5885596649860544,0.12452149548387974,1.3953747261833742,0.4710553861211814
0.7546799462782644,0.29936594644101006,0.22438266031158813,0.9227327431442999,0.33192735519865973
0.9316947918381242,0.5544389387413432,0.10541646011895618,2.405426467344168,0.3581461138596409
0.8699701274487837,0.36880825194728634,0.23677091815847368,1.748401350580151,0.24198421308575965
0.7566976423435662,0.3473204794830418,0.16724458026430786,0.8679864196077963,0.4349950418158688
0.9717113556110557,0.9214375603468938,0.05115821827853023,4.172096652480678,0.5513726515561816
0.873299845482452,0.5848657490375374,0.11034617594673929,1.6657770983914877,0.430653229303335
0.9067912735460478,0.8578490123952653,0.056202047389527596,3.2222591130726035,0.583686997967049
0.9444109819337806,0.6280374268652477,0.09091398561952695,2.8751944994241843,0.3512159831591538
0.89509977351014,0.7883554439802992,0.0977190043094089,2.2370947914731842,0.5834931442970852
0.9537468449496687,0.752841934292466,0.0671347901729122,3.290194254195558,0.4619980090639973
0.9428802030312651,0.7925121805348226,0.0445257095715011,3.2495013244765687,0.4905857804859283
0.9721465149323707,0.7551224941864473,0.10239712398135588,3.4321657568794373,0.37207459316400043
0.9058271025327463,0.8744999190233425,0.03636615348004546,3.000082658383793,0.5528742200560082
0.9135973027620936,0.8105842319507218,0.05149920825692907,2.4759016424103066,0.5591745778360714
0.845936272405718,0.32162044542058704,0.24707681859032002,1.2007119965478295,0.23793131811064605
0.8807199871491469,0.4376059570920821,0.2233355831225925,1.6283779938976362,0.3191117970545459
0.9467795988142347,0.77034338265364,0.0759355528511392,3.0083796255844932,0.46627097478032414
0.8671001693211452,0.7541965063134835,0.09387714003325077,2.443533869914466,0.4651273186080466
0.9355566310874807,0.6959968607428029,0.10632231409560267,3.306076577161248,0.37845991107364735
0.9059158097634852,0.7784209024978149,0.06186304928058941,2.1599748620836516,0.5913313302572188
0.7295290853046031,0.35325926117230394,0.2605156432199425,0.8448907285134987,0.36611139023781913
0.8943979701670763,0.64932947012356,0.07951981241142995,1.9694425985515613,0.4820320522736915
0.8342783982687605,0.5786241812279559,0.1487976056500218,1.6167438428287007,0.4661807355702072
0.8376927429544594,0.6196562029453193,0.13206247359639586,1.7094784631273514,0.4573122307940674
0.8757464800957009,0.5410505984818007,0.1635960690871019,1.6545097965866984,0.4391557655911541
0.9621116367457077,0.8341132996435365,0.03866208683242695,4.444262635507902,0.5117779812978448
0.9226087046471432,0.7908536067348861,0.08294465128369138,2.8212939939416404,0.4235216606732895
0.7709124998314569,0.44116246878239135,0.23025053499374357,1.0850665015151881,0.41946932244483076
0.9654688146687429,0.8835083833747519,0.03721944792646223,4.108380043023448,0.5541861151808006
0.8832123460944836,0.5326832250360336,0.1619909756893798,1.7683725603501388,0.40311286160246024
0.9102742448330683,0.7085841505472654,0.0533710896351235,2.535491149669871,0.46357594624878484
0.9242202566789973,0.7630876883241282,0.0703573741194536,3.3241216333585766,0.4415128791202962
0.8282863533438567,0.3446339366621736,0.17090368331867264,1.2199897651588325,0.267901378174161
0.8458697660054562,0.5504465147779499,0.15377249075866842,1.2829277467551568,0.48275778514848555
0.9670541903956369,0.7740982807820523,0.04557326725879408,4.640831541545875,0.45945443527200314
0.9292959388547675,0.725513735215173,0.06742288230805014,2.492831749710144,0.4988508905644336
0.8162976738812041,0.5609130787579425,0.14819797116761363,1.4476834913127885,0.46086790849085485
0.8100627577550654,0.49406522748875553,0.18433602570876417,1.2681472424279343,0.42653986108348946
0.914515667127983,0.8539958862599619,0.040417277721395355,3.659197798576163,0.4644503388153562
0.866786204042651,0.6616196129611045,0.20763779384011982,1.5070685295062893,0.5092804049852208
0.6868186519666203,0.25591972037851995,0.24132371674066413,0.5700682123171052,0.3886352772753344
0.9546841196147959,0.589998202976497,0.08622357992886343,3.2238548385578043,0.32385137170772393
0.7701095728333639,0.50477570934876,0.13796141499211215,1.11590482037631,0.47707000525255167
0.9141229402281115,0.7658996168072357,0.07070986964310719,2.7055665367696298,0.5258532640229031
0.8741908833647858,0.731459619761179,0.10698570926020308,1.8030452088955105,0.5271846304276173
0.94174091201517,0.6474655632438762,0.10775832673934573,3.4754860136112775,0.29993940786850487
0.8409366828724434,0.4199958148950593,0.1707535155321603,1.4327780408608184,0.37143628553725067
0.8508018453740294,0.6862839306311276,0.08389958158211092,2.2474901907753058,0.4652875530328444
0.9183816740890329,0.6517897617861299,0.10751457292681839,2.817327448390857,0.44411729536851985
0.8300530848013973,0.6629555820845282,0.10775587582669773,1.7016253213132786,0.45508664868917353
0.8905091930573826,0.6304181701266118,0.06755469019659,2.139638771072222,0.4375220363728918
0.944430044809281,0.6123762418388932,0.094704322844311,3.1577594952231887,0.38723220790429325
0.8934849707264741,0.5464509334586,0.18702610053905572,2.086562477230977,0.3620854256955431
0.9305723435265725,0.760268312892738,0.07272624129269975,2.687230396347677,0.48014536701032273
0.9381570413471612,0.6314964130723559,0.113548771098063,2.901947209001466,0.33825210026676156
0.8826079485153537,0.4395778777754177,0.20155296902628814,2.059767482924908,0.364066028725347
0.9352018482139631,0.7412968536797954,0.10340762589213555,3.1978054566121434,0.4009134477582122
0.8783647444095496,0.6853177954108313,0.09789389173147496,1.9874535347424043,0.48417531346917486
0.934557624451071,0.7312026261495203,0.10155020540717287,2.4404309875194756,0.4842782076097155
0.8787762118848935,0.822264751666703,0.04711249160086916,2.90293794552,0.5457450851091913
0.8607232376412824,0.4953624807458564,0.2340716535282845,1.4768036980101045,0.4363855112016712
0.9325183104462048,0.7419680368455692,0.09725865862217982,2.786736892624507,0.4683271808561823
0.8193652514604968,0.5072235197830637,0.09919026471879976,1.245451577759395,0.48225206088433653
0.8090434600306377,0.5281548356496558,0.2403699622465814,1.2854032680360787,0.39867861518705516
0.9299517844283454,0.7152376300697488,0.1052650443218457,2.5246807251436465,0.5007554838264114
0.8797223781873688,0.6304712115197333,0.19055735367749535,1.57798039591757,0.5110052703985624
0.8033034103971639,0.6778938361576385,0.08283853957025751,1.6247205725218707,0.5277551395244585
0.8922367712222521,0.6511938852847109,0.06063090396451975,2.1694997839137593,0.4949229263897894
0.887373852646361,0.7535257874550679,0.09192895459469198,3.022778404550543,0.4687863419352045
0.8316633533467621,0.4251729253185795,0.17540652891706174,1.2275501780268818,0.38471729902796836
0.8092439259720144,0.5155635036374511,0.16329862365277772,1.1970308290469664,0.46565412197764355
0.8715710679586958,0.40014822859752164,0.24677214862262228,1.480569420279208,0.30462300555911354
0.9302895267081518,0.6215074554032386,0.16977170963810728,2.090175432020106,0.46679732098815374
0.919447007078609,0.46085829309587967,0.14278962457256641,2.239291596120494,0.2812853766281873
0.8298356580556598,0.5738047648089873,0.14705253726125822,1.55348647470493,0.4328639507183149
0.8153009409041558,0.617419771078177,0.07501699313092103,1.9135224668442796,0.44545000693820286
0.7534140700868942,0.2007659925433656,0.1103987074289534,0.571774866509236,0.2773849256985093
0.9237834154944419,0.47396183364552735,0.14708115116935525,2.0283191257542823,0.4207239134638841
0.9276043391732596,0.7295128635048644,0.1705049085932021,2.520753196259347,0.3887669206348359
0.8862118210188183,0.5825532954059875,0.15219592126527665,1.99692644739936,0.416173063742076
0.829754256674356,0.5426494091759431,0.1759423768256193,1.40047185836241,0.440341924576231
0.8483710899305379,0.49101999273863234,0.15746533201884397,1.7131336402660915,0.40903611844996735
0.847705203515928,0.6320388522259504,0.18644167267912198,1.676048334254225,0.49925157933150915
0.9329128474174274,0.7398348212167132,0.10308766516654044,2.4904996872278335,0.5411018723894004
0.76224036019301,0.30139419462469696,0.14783269065377921,0.8691146097846575,0.3620334386565314
0.8700026923259989,0.47096119401395814,0.22337235202480124,1.7289811223781875,0.3129632235058845
0.862373412908018,0.6860926930488531,0.06290238052512978,2.2841004623787935,0.47493986002877137
0.8315845405516105,0.611217131291476,0.14671519496596747,1.6215975104650515,0.4316923235003745
0.9001586408253723,0.7887813102538808,0.10538520463806439,2.047570230261174,0.5495145222439702
0.8909470715271068,0.7146597115096399,0.09645237657473993,2.1512302167052537,0.5193129162396729
0.9376366349031058,0.8718759253894274,0.032656864520441385,4.849800263785351,0.5203998545157275
0.9356736238735347,0.7798029258170703,0.09939051952232618,2.484113728794305,0.4831661754079408
0.9449603870169484,0.6256514075819549,0.1527032791686214,3.261674218581883,0.2699059941509258
0.8749338367270578,0.4833302378424796,0.1622075887839731,1.909764525828718,0.33021568103561316
0.8264927769385889,0.39895350575220473,0.13938189715048901,1.156809452708418,0.3798208539553639
0.9180461346530854,0.6385768328657725,0.16015714045617482,2.461724324479758,0.31567004961222606
0.9196392221408194,0.6844995348091758,0.11533022298153302,3.231556382314046,0.32487498071921184
0.8428066844532162,0.5909758166446736,0.18193145731754026,1.356909282525312,0.46920235117222053
0.8805768870844725,0.6785818350903927,0.13460240180936064,1.742121718405238,0.4976865861193066
0.6487617685033493,0.1044090808776543,0.29761666087166,0.44150131833464545,0.21197025848727774
0.9049495100594281,0.8030782512845115,0.07327894704012851,2.906566864643416,0.5075666106471965
0.9418704598140134,0.6644274983470765,0.11006905022244576,2.470674868104396,0.37423590914860483
0.7300966694088822,0.35710216742836226,0.14760571622854854,0.7336015814095148,0.43849981579347214
0.9058402461687172,0.5699114081506069,0.17662043667103966,1.8129909424296904,0.3908696052380175
0.8609839269166473,0.5296521936818828,0.12134930872370926,1.410893086074214,0.4588394862262229
0.9561019527571362,0.7938878889713769,0.07442416175733702,4.105136257039246,0.3962901769896834
0.9439598185150244,0.803561962803223,0.07734323440313723,3.140289177202974,0.515958467989975
0.9171350437883183,0.7609350085919845,0.08619365309941192,2.899649900463088,0.5146925708577836
0.9394510454340061,0.842597271951888,0.0457692654458584,3.249890772040201,0.5130000942279582
0.9499482723961308,0.6515602271565248,0.11472826128887882,3.036573581493952,0.3422458759046485
0.9087679199794819,0.6301537751168914,0.10412085453518138,1.978059039657425,0.4664167778587633
0.8996649617268556,0.6041760983119003,0.16584906192866358,1.9358328935653983,0.388844396622618
0.8870606940147759,0.6345383816298634,0.14567090088408188,2.135607164578795,0.39122611478060204
0.6456125942128248,0.2399689472966421,0.3121118540129652,0.588638701836154,0.35417603111564394
0.9236969765943933,0.7026617594343744,0.1272127883329975,2.646454795420797,0.434093689765461
0.9167678264529545,0.8243650338705237,0.03072849181960512,3.286695722049747,0.5339812018499571
0.8400129223738871,0.3580485126279281,0.21842078317516223,1.4788532972777908,0.3133885103542801
0.8348705166283984,0.6160430490149326,0.097049694352162,1.810320723048465,0.4743310553396419
0.9066686277549704,0.44933432323168027,0.11411263098921959,2.2548019036480347,0.29714739213785696
0.9291792119129106,0.6484214984960537,0.07639493590632225,3.384700151081785,0.44236745814165085
0.8988475953419393,0.5172405239044428,0.1760428332808557,1.8797018334027729,0.39471401619809793
0.9180476441386952,0.6999438589901511,0.09254742250205729,2.5418535913872993,0.40483143657606385
0.8608347009854412,0.6469082477465102,0.11582457585205436,2.418913848668345,0.38336384642331633
0.8792723856540545,0.6884309177305507,0.11806358394364806,1.9482091430860475,0.5135687350805656
0.9005662082752228,0.6901593991150066,0.12639184339592197,1.9316925066504178,0.5154724967067168
0.909840475339657,0.702991454583147,0.14316121740241308,1.8994662570500116,0.5009360090803043
0.8060134653673516,0.5009786817347932,0.17582982937870117,1.1830987622510543,0.44554047962162574
0.9204585448837436,0.5575760045321175,0.1339036540800972,1.9273743258232876,0.37991960186057255
0.8797486442999056,0.506340590419097,0.1813762251728888,2.0058260416950984,0.3583020472387725
0.880859544806059,0.4417659550515256,0.1624538993554873,1.687578699962927,0.34572455542810626
0.7576661413888331,0.3756997058240129,0.10349276065249301,1.1823751029221512,0.30447021420985193
0.9208756272556405,0.7654148196287285,0.08147021789734703,2.1796591183456324,0.5467235373952906
0.8864958204205919,0.6961869497579617,0.17915552938848478,1.8330375961985323,0.49800206716385165
0.7655888880737943,0.4677350403477464,0.2670613123803198,0.949839197478951,0.47949283316473434
0.9211600624993203,0.6161118337698591,0.07800553948650188,2.283081156352073,0.42529214910166896
0.920659474950687,0.7020535733011943,0.12918731239326398,2.38459569384278,0.4919130304389964
0.8526885992327456,0.5526107247273823,0.1833993054539315,1.3942217334022606,0.47450472626179974
0.957826989007747,0.672442278584101,0.1420196720823921,2.9829481121182173,0.40085573744176367
0.8794591869892913,0.5033453948752211,0.19402490750779303,1.6654089946639885,0.40227718982841904
0.893253628886402,0.6228083913494998,0.12948581694496994,1.8314678061705258,0.479815717527615
0.8885331954568908,0.7280964837387894,0.08156273013390052,1.963769881875066,0.5335081090748359
0.8708773718250133,0.3903776507020931,0.27429909700081645,1.4555104836848047,0.32412307364704374
0.8893385363820437,0.6886797665803729,0.10045443889580175,2.4844754145649977,0.44123701707773666
0.7988749591870635,0.6079111847656921,0.28525360032510916,1.2265135323176095,0.5256654770009035
0.7682747654356745,0.4971896558368526,0.19612754250304407,1.3574039307864698,0.3775390297483455
0.9345877845550093,0.7129638154084847,0.10837474178613139,2.5192188882878193,0.45694382771406933
0.9439122818204393,0.5210413175573699,0.13961905842976147,2.7230349133622966,0.3194752889129078
0.8771529469812962,0.5389211299350205,0.15065615227871706,2.1851311060770566,0.3097942617859316
0.8763177634927989,0.7513018725156436,0.07215052248840464,2.095697936950668,0.5270502002200127
0.8241496121403645,0.5346263485736715,0.1318797676516418,1.4823971309417474,0.4440258429529279
0.7593855885203837,0.45952947057049387,0.11351438377855654,1.4707176404506734,0.36176982440607075
0.8779782562483387,0.6286343695498323,0.11524217639682956,1.734649315881602,0.48319188163585575
0.788318318652469,0.455556375776833,0.12715097617108315,1.052340203995343,0.43757501724357767
0.8539396988021624,0.5656221328471327,0.1376019583677576,1.4187287935785138,0.5010229732468031
0.9076393776830053,0.5564658032554466,0.1778600430141978,2.0191914518326857,0.42260862617260314
0.858021097630021,0.5731471775964997,0.16935119104942203,1.423437930508009,0.4817618687047299
0.9315214603070182,0.5609643533969455,0.11565523246611109,2.259039226125858,0.3826237482892203
0.867034314881733,0.474723197517287,0.30996808589789143,1.5536275092826608,0.31889022824476126
0.9085267456313013,0.5977658050485826,0.10777234342013471,2.3458587429622804,0.4021249888484993
0.8728453831255112,0.5435273780866438,0.19830428680944448,1.819225144240756,0.369536970623955
0.9463517021451788,0.660131083688652,0.15432731668914784,2.608376597403491,0.39181429617911256
0.9257786720332787,0.6214575728638185,0.1060595400547711,2.238046062663061,0.491896959434049
0.902370456924873,0.5547396359698372,0.16491520808243024,1.8756292294807215,0.3823977255329698
0.8849443476959176,0.6372647849650573,0.0882867712695411,2.04295376561951,0.4492165141841017
0.9695477991566205,0.6200269160831511,0.15813325908111292,2.8445986897611175,0.32961864089749165
0.8772337627157786,0.5497055616373107,0.15551870733347298,1.7924925657237103,0.4378686809218217
0.9000818550330367,0.6791543226934385,0.07571330781942846,3.2322434255676673,0.34478155189565124
0.9351216204469895,0.7440520714907458,0.0742333652987656,3.46001948554521,0.4398519650148038
0.8954759534989115,0.7000167729549086,0.08872697201002473,2.121421082531065,0.5410417119032127
0.9318326380255665,0.8016717478591626,0.06476717259417673,2.9894768907022122,0.48970867423354
0.925291683269184,0.6607562463652376,0.09038470587619156,2.8181277701082603,0.387685314145702
0.7672623588022045,0.4689829479400121,0.16900984677263134,1.0880445831940495,0.43466743609413283
0.9271654247899412,0.5413984123998683,0.1999587321383017,2.387826276859557,0.3767635376081393
0.8045786702452301,0.3036939737532708,0.14323382792507214,1.173078843011978,0.30254888208058905
0.850497776542715,0.6017013710202909,0.20575604892688246,1.397554282785362,0.4315075968707049
0.8919061805534153,0.7185564873217051,0.13447293674387636,2.196783090199192,0.5092945159202752
0.9328203028705297,0.6758350046839082,0.07577951974090218,2.3976396132059827,0.5342973324366969
0.8565796133883322,0.45571594565943585,0.19845959124635443,1.4390745719715785,0.38296167886365634
0.9439786789462632,0.6012705576453902,0.2209462310398978,2.1697413749287273,0.3865410818723137
0.8930506694637264,0.6995648334192143,0.08888978155520241,2.684839420115788,0.42624623837717
0.8469617979099412,0.5922060231878382,0.06579321075392465,1.8878950441741278,0.3893395490130165
0.9196171374186349,0.7022811927869126,0.11764265036985512,2.3924870633209667,0.4743888165766149
0.8757379995591501,0.5968945149728161,0.13467625518727702,1.6937369700379596,0.44553181729341335
0.9379870983654897,0.6043384383884658,0.1533692764779901,2.3617249995046508,0.41689738245642083
0.9198681507920147,0.5129469805251817,0.22338044619089617,1.8334365673374449,0.37666631193427125
0.8610652173187362,0.7615889583115142,0.08286740368239712,2.4425486277292783,0.46565787518898333
0.9341218426541753,0.5206627680674398,0.10719054558135453,2.670870240786793,0.23857943485794597
0.9433639884055314,0.6984226733702518,0.09424009588850439,2.4624585535623855,0.49767331421230715
0.9003840754239033,0.4852943731906039,0.12354008053469613,2.314263492394994,0.31049498332973197
0.9804530582918037,0.7774303416545584,0.046757291584627006,5.221788000999854,0.4379931884445476
0.9291579101819932,0.4769360816582951,0.21421131085899206,1.9679361084207556,0.35401562043244417
0.8522727505407954,0.5585143551909835,0.2171512284050572,1.5243376730960347,0.43988044373399254
0.8775843696907809,0.654719394334887,0.16750242479294372,1.6341907607933117,0.49965766397368555
0.8812452625543361,0.7089292087140308,0.09309249789329696,1.8370841906069721,0.5349850712510726
0.7712259770432541,0.40465588449411655,0.20394145490554727,1.0940765280293578,0.3698824529207629
0.8358001153822026,0.5876357695164893,0.14809550579532285,1.3068862007012638,0.44977469599656567
0.9185816431707523,0.7136998498804215,0.07793991050979075,2.269955178449796,0.46474795640035044
0.8983820432990661,0.6480396450306547,0.07849047804725089,2.601652663007938,0.4334220957049561
0.8548471968076427,0.37967432495787895,0.16954903843681587,1.3637367720641138,0.35163654926202287
0.9075584106931894,0.6983840144118992,0.06576950695775823,2.2916558573456984,0.4878365477322505
0.9168188923393964,0.7325664278083311,0.08564395358475779,2.4317435265364,0.478806173800559
0.9288037288078344,0.7208681154019022,0.17234847343372714,2.036562563314949,0.47231666035951664
0.8930688387683006,0.5813037142594639,0.14599814723328725,2.3959204764851973,0.4328392713032222
0.8951853411817539,0.7018357995873566,0.11768411377584669,2.0818685914646644,0.5032404745568971
0.8633271050535197,0.6168410280342403,0.10645298503625668,1.6149163323057198,0.49717674304404974
0.921996312494391,0.48556449679032354,0.200246826385812,1.9419434785830265,0.2941261442922969
0.9163155248112274,0.650502664830069,0.09801545238905499,3.334642174974399,0.33067978385464064
0.9468562044459579,0.8057500847418374,0.07422982588859246,2.839029619607507,0.4960264788071519
0.8169921199575688,0.5583875803015562,0.12272141778123548,1.250460204649037,0.459507559633639
0.8787150665900666,0.6828489443910564,0.1228278280419186,2.0253070365321455,0.5244524978651617
0.8797618073683127,0.7126191953526673,0.08475360737359412,2.607014750209776,0.44043671179367566
0.9090955827014627,0.5674842012701911,0.14228176626757344,1.9668034199837214,0.4464273393041352
0.81465533063374,0.31611872726248386,0.14189237205461055,1.288700584130667,0.23374461364474758
0.9255761214948083,0.5474187177072538,0.14721618944392012,2.1808829174081303,0.41409298730789257
0.8988494117690791,0.6743373598037398,0.07763456918240598,2.211767511916153,0.5008142447794932
0.8451402453291826,0.47652919153693185,0.1544028074179825,1.463359558452203,0.39990317910141737
0.9152098603276889,0.685366654476393,0.09544072028712444,2.3347576459899955,0.4666924203327841
0.8547826036378978,0.5358512917441236,0.08344133774429113,1.477887934360873,0.48526174501956587
0.7985424621945052,0.3687016285396099,0.2148829467205665,0.9434295734031376,0.3950964187524567
0.8977361341493642,0.6794245435759799,0.0718926027069284,2.3281204425465343,0.47773722675039987
0.9377875354029552,0.6424192324988307,0.10959702306496359,2.565294326138951,0.4144103386234903
0.7496003794646546,0.5144429718037175,0.09127207447583462,1.1106618640322052,0.46602766142598995
0.8229287707059545,0.7142447407807283,0.04662954189183149,2.7333754951266513,0.4441927928367287
0.8723183607174372,0.6006079180149457,0.14295590177839865,1.5105171513437459,0.4970136554267579
0.9446733950802652,0.710578427728643,0.049816720960873744,3.2517879665328215,0.4647638135668647
0.8966776729418044,0.6143802299946098,0.1723967881465994,1.754135970483797,0.5230326913904083
0.7928310804863923,0.5583587582189434,0.21296440778160955,1.2491325814563894,0.42143890138931267
0.8414852562508566,0.6870383125290892,0.13018437500352156,1.4328019128357883,0.5587227318576893
0.6592325609192221,0.10416742252728503,0.17291645427264493,0.2544735706002068,0.2396363680167343
0.8298269462547953,0.46937163390930603,0.0969438493073379,1.6656950208634378,0.3928331203450043
0.9204038185538801,0.5694566034413131,0.10066487125465177,2.710172938694798,0.2974567238690949
0.943052311483735,0.42471105269851234,0.18263496311921848,2.146783783547859,0.2834588168014681
0.9203068913506915,0.6366261703717352,0.1053096840948659,2.1320132407386043,0.4565318237992915
0.8415068458006314,0.5749056686831807,0.13223901588861584,1.3666300298509102,0.45468720234308535
0.9058706594983235,0.6707726032853631,0.0555821650146099,3.1021550302560517,0.4768996278691687
0.8888558004478434,0.5007224789457484,0.24832725792646548,1.6751235676263647,0.35806652202249933
0.8985550640734105,0.6997000593868915,0.0918916858867727,2.0661701041746463,0.461161884907723
0.9892311551459684,0.8179292202845418,0.04586902513309654,5.8806632875559055,0.400862394697321
0.8482852642029167,0.6652657253153607,0.19147270283113735,1.5684186331811134,0.5521268095968661
0.8174388625974272,0.5447308170965738,0.10977784150964955,1.268658480368365,0.4984041660051904
0.7363336603641162,0.40215486998704847,0.19013701393733282,0.82457516175276,0.4577469693426675
0.8698686457072261,0.6850664346440288,0.16870592579141208,1.8489394300804294,0.4759391816292734
0.7043192152455128,0.400928194469823,0.23201867885126698,0.7662178489210917,0.432780182397883
0.9494584415421783,0.8392338593102073,0.032806888215164524,5.048509976585229,0.49730771300878257
0.8876714218171956,0.6261159026825656,0.17255337247489966,1.967379805769735,0.4471030437165614
0.9037059114515776,0.6160993259265701,0.1507326933487032,1.9790079749638454,0.43720053037932094
0.8991822660891318,0.4925783536329249,0.11302339450124944,1.9013811687968376,0.3439074602107277
0.8358125347397163,0.6129862116239378,0.1357852922729619,1.4650183894497124,0.5091501629524052
0.9266387043796497,0.7160469773778528,0.08379372974364808,2.3528973431693045,0.5374765199698416
0.818465439301339,0.4067037982608993,0.14290034747844396,1.2429898184921186,0.3732461241982262
0.7846552804001591,0.30202681394374853,0.1395630124839186,1.0593989200574891,0.30847712536685196
0.8851596277603835,0.6735245704708884,0.07380303872219308,1.805598854068154,0.5459194281314153
0.7765203107556538,0.34891211920127324,0.16111359866353853,1.0175048449305566,0.41481997900389445
0.8622333620731314,0.5316848697579993,0.18720337189562608,2.028573496559321,0.434088264513381
0.8303848336662105,0.3979891942369963,0.2559309840677451,1.3520852847176468,0.2897779857136761
0.8811636858891212,0.7345314006766203,0.1307060133538618,2.006766731647172,0.5038576759326799
0.8787727812483864,0.5842914362873527,0.12377629531010122,1.9868006015741395,0.43601892623976213
0.8827196053014934,0.5837458540822622,0.11177933840726899,2.6087032108004546,0.3773824236223541
0.8765405939869462,0.635668134266097,0.12077650437828084,1.5571898097384538,0.5155621547286806
0.8982103113606105,0.7422180546701351,0.09408309763530898,2.6472380000159896,0.44538884427699316
0.9136058398490505,0.707564338236049,0.09062337750928279,2.1874309048916176,0.5176862542861509
0.9403228476259752,0.7320784857826445,0.05743327295524067,4.050135847633017,0.40914585913725005
0.9462000844186054,0.8472492326049363,0.06850679463815146,3.077085759170298,0.5151296367315917
0.851168509450573,0.5400629325958157,0.15783600076745932,1.4173151029067117,0.4926598782141465
0.7845181650484171,0.49569741236594417,0.23876669652196453,1.1012343215671023,0.4315812057902704
0.8521198632200971,0.8114835741972769,0.05694420554452558,2.5978715289901877,0.5483864991347249
0.9575898068755684,0.7611633981641446,0.08089866258735799,3.068586169941907,0.5195514192208197
0.8830151772320143,0.6111649963921442,0.15515837385716447,1.977645218198983,0.4468893807762165
0.9286451247381803,0.6075205806105265,0.10850752731483539,2.2987505398953254,0.4212706725223157
0.8710730556734283,0.6899920318055608,0.12975955322865984,1.9920240599224919,0.44582321474970565
0.9491561961954883,0.7925571741136981,0.08260312912701491,2.753682861964901,0.5556793591715807
0.8944882657935936,0.5678977084985346,0.13961167552739537,2.298062072111824,0.3318687854626986
0.9355885682572493,0.7683375825050218,0.09330419857824307,2.6107210144676936,0.5534192451743434
0.9409720307140325,0.7322001782308651,0.060541022019683886,3.4349308054321273,0.4401194514757514
0.9339025781050279,0.7882995669267989,0.16693159284549464,2.246888725973011,0.5069930602182193
0.899599526463544,0.6328840778939151,0.08933106705227299,2.453556937766034,0.46653815634198265
0.8455036539805058,0.7288622512156002,0.08618998096692894,1.9148022607469044,0.5538575914989252
0.8277575303482493,0.498593565957699,0.18009011011420667,1.40995306813748,0.4281240058946711
0.8158177566938041,0.3374499327811407,0.25903901440531846,1.1182450758992344,0.33198015688032195
0.9577666363528025,0.884696582202708,0.048572089279810715,5.3839189347750205,0.44534447625439805
0.8524714374616634,0.6868376848394668,0.17372273345756514,2.0389417715950406,0.43794785304983885
0.8673751639537647,0.4712994790461945,0.27278079525890886,1.511064833838252,0.39117566951290605
0.9338746190192503,0.6916816996769359,0.1135196661139793,2.2273595419430725,0.45038436449747327
0.8751053111806296,0.8025475383556212,0.089910880447849,2.829453122882005,0.49770728281596555
0.9448410584508065,0.6529350887842686,0.12255761582296934,2.8890427665925875,0.3945505554352964
0.8382798069134093,0.3917480884726108,0.20879940824535725,1.2955602624129707,0.3965207755215563
0.5826614039129733,0.1276956176387201,0.2584612006741456,0.3279113629104212,0.3208558643536567
0.9208636492335366,0.6082239111553622,0.07295176884926394,2.093929897961297,0.4606055038911317
0.8871872963641217,0.5283038964986124,0.15162484491676712,2.091027131413326,0.4102019158460355
0.7818127053773788,0.45310879705537666,0.2125043272479601,1.0741138838467228,0.4170316262755378
0.7933507995408876,0.3647626934619118,0.1785092313857626,1.2996895977668235,0.3171699410808194
0.9313196778253142,0.6244284443291165,0.08122510299683386,2.214393502799174,0.4531465656985686
0.8512802312791248,0.5732146413147284,0.1377270762175829,1.4220209595458135,0.4849127907442337
0.8840083447918731,0.5024338212929018,0.2820527978367378,1.5950079695718007,0.34939193687489684
0.9253884992269472,0.6589032435511432,0.09860028444686819,2.9096506521740544,0.43900436501962403
0.8001679611432301,0.5252357596124531,0.14107472004265434,1.3251403339596652,0.44499025808194403
0.9557702148448226,0.8514161657493982,0.06885492565761796,3.1247703247605143,0.5307393455342682
0.8242932715720057,0.36242749190650697,0.14902051502891311,1.1687938936737652,0.36330540867878264
0.820693037086326,0.39367706884482306,0.12142586865874284,1.1854335084433811,0.39044669635871304
0.8379063872934648,0.8159702091140415,0.04490866862532477,4.64146261065815,0.4263963603945288
0.9309747047471174,0.5144334737065712,0.12004415316756917,2.3646159088573016,0.3592657160157546
0.9045343435148532,0.7869912065983629,0.05938054427367734,3.303693821387538,0.48316329220067983
0.9533663390733714,0.6759743612961325,0.13854528034711033,2.6530928268791203,0.3987067115603283
0.972373849897484,0.6256173890175574,0.14534666241791233,2.997295313244969,0.34183853215388726
0.8032565678148801,0.4854085049726675,0.15704331083271061,1.899681727813278,0.3560935800171166
0.8029109953173835,0.49279867597530985,0.25302733511236497,1.12592474617714,0.45021962183957326
0.9243130677368708,0.7441633424782023,0.17714549870406682,2.1465773915240716,0.5216982031201025
0.925621877502863,0.7117946437965493,0.06338080660695423,3.5390129402447017,0.47297271744682834
0.8269344527309646,0.3999274718893955,0.1362810410590604,1.1831306550304774,0.4371502373565238
0.9301960437459684,0.7165349153015237,0.1005949853868466,3.166466814422553,0.41179400287718315
0.8007466408773446,0.34926626711286857,0.08339428738023695,1.3705362090192859,0.3137839137618817
0.8639015563483,0.602241259372003,0.07719921078217375,1.5999899990937256,0.4917598253766817
0.9279199999200671,0.7870032392335746,0.09727936354589455,2.779285206435266,0.49497159727956025
0.9201144901837758,0.6446456557521111,0.1239210135551798,2.300607170361066,0.407939961080017
0.8004168137760511,0.3707033023316673,0.13582673873601014,1.008083825426703,0.4396265980455913
0.9317119301029626,0.6829759519001287,0.1504564465705112,2.3245531417482983,0.43988042019443585
0.8397049555040721,0.2903519413688655,0.1874179370266427,1.0310208983709919,0.2405108148468318
0.9352015757555205,0.6404927371089396,0.1419877064914999,2.8198459971962198,0.37204402306377715
0.9233325070717058,0.4840291531927083,0.16319745345852302,2.0734460568052833,0.29823886529395666
0.8710474139089979,0.6880394861038445,0.11495042999344164,1.7906923553073786,0.5377850981606241
0.96180546166936,0.7781386222680116,0.07396180409048674,3.573938267464234,0.5120490926796767
0.8709976513225527,0.45684196736523736,0.12151490734428967,1.554905586068606,0.4343404351138386
0.9029954474097109,0.5548065415268307,0.07214446370502232,1.9030356763192708,0.4819990347167245
0.899610374241349,0.6073362076175242,0.1492733231995542,1.8429192934727923,0.4882064800935204
0.8695590398751284,0.6626062295494987,0.0713224194364196,2.523257405348605,0.4424670532350219
0.9547520318285825,0.8371942701987584,0.049527763443821114,3.5125007491615556,0.45354072505547266
0.8370950790379982,0.3023408434197077,0.10616143800524436,0.9829475291468849,0.32123258621187545
0.8307411413079372,0.6568337302563774,0.14832005863788342,1.6128802073367692,0.4511289839397867
0.8819115387964322,0.6740508064100593,0.0720139198372906,1.9459674737781374,0.48982397794659166
0.8808988364862254,0.5901907940346621,0.17323530752724262,2.153709062275349,0.3841318253913057
0.8903994439367903,0.5609534079768688,0.16390424733733538,1.9051608346495936,0.39770078227305267
0.9708370097199184,0.8464408092594867,0.05113206874933907,4.531489019893313,0.5199432750707009
0.9129240203072141,0.7362761381802772,0.13079047869284247,1.9909969322664614,0.5435655578259964
0.8847431310198743,0.6574219406818342,0.08791965492051784,3.023296319352314,0.36834103769839155
0.848175674650466,0.6658712402937652,0.11860303306705583,2.1817546016316864,0.41534580169267943
0.8272279759621533,0.4807088569119837,0.2343136035090424,1.2377503431561063,0.4334809526966734
0.9435442840121638,0.720755753777192,0.12476028873524797,2.720702890071973,0.4548963742896387
0.8451900258722501,0.5988007559572046,0.11804648264162938,1.7901198316588327,0.46559919168383
0.9655921364045943,0.7428195861378126,0.08523442050226634,3.51264052743726,0.4541011627643356
0.6779452720248436,0.2112702538245248,0.21196647620593015,0.4573333486432037,0.3786001067932575
0.9514342183099161,0.5327656380381331,0.20323829624206122,2.248997074674105,0.34880793679882854
0.9126415626448054,0.7845939135254377,0.10172804867811426,2.1647844090650863,0.5438127558592218
0.9117111275904555,0.8133995039423779,0.0636124660686755,3.5199888615746597,0.4578866450594789
0.8457251835218279,0.628036134512732,0.13934566522956757,1.7348770980719912,0.493317268833397
0.9706322641162752,0.7124736674582995,0.08948713706558903,4.14253130552578,0.33988813583619437
0.8414257997104632,0.4036694508916718,0.13284481009255988,1.2209111276955806,0.4172617610717471
0.9014338126715301,0.5109054539205443,0.08194238305783874,2.0115428946749963,0.37529099494099566
0.9123561646156316,0.5842404747809833,0.1934353915303035,2.0853275681645895,0.4199895772719359
0.9278866194373532,0.7804403246461522,0.08234879837812971,2.705318898476952,0.4867899949317878
0.9095916271524608,0.7209073850740914,0.12967629448135642,2.0524503620140404,0.5288463515258925
0.924116728404758,0.6469426115104261,0.12175446900108677,2.1719231692982857,0.4802977000368603
0.9042164754479183,0.6539831194198128,0.13822671992678545,2.490375290437444,0.39604360169859154
0.9429493563011235,0.6837057121606172,0.1625838848674005,2.461386596275045,0.4519587873625377
0.8699191917783101,0.47861905739201677,0.19484966555346603,1.5534178679931252,0.41707587338358987
0.8339379465638873,0.45173095194743507,0.20775421951437467,1.3690604621656082,0.3684076895895783
0.9569950578223981,0.6137377233535009,0.0909701423491853,3.3052751928546056,0.37625093062934956
0.9063884129774707,0.722865830903448,0.0762888158889876,2.5224670463122516,0.48683439599798056
0.7969515527512147,0.4584579135272011,0.1559091565000663,1.1225412575254743,0.4213224012950803
0.8298823385618092,0.4228859557053334,0.27973853329907067,1.3265670632153093,0.4118877161513183
0.9187995317690026,0.804250500734986,0.06553158710439895,3.1762867899500087,0.509339766621124
0.6752994651659976,0.465245098591426,0.09002823897470212,2.13718907183144,0.2896131352656234
0.93704793488482,0.6158227164574338,0.10331840148601705,2.718552489712656,0.40557771488654093
0.9082411648792297,0.7360103627678705,0.05557257711783207,2.4761985441554364,0.5400016433921189
0.9054565264705543,0.6229436538027866,0.07661457412390227,1.7218802636737156,0.4520443494489131
0.8554714479090719,0.6922892592242782,0.09921826692415218,1.9141409061224266,0.5243010895623432
0.9044335302227836,0.7607947259053478,0.12006216144013133,2.11977308827671,0.5343226910213261
0.9101942827995994,0.7392497215783788,0.08112034825096923,2.536559843270314,0.4400984939549059
0.917427013832239,0.5177256406303933,0.11598817010140255,2.6025815371061167,0.2618435695561267
0.9434175029965556,0.8456228017720057,0.04971345437585467,3.6191373133963616,0.495402840550839
0.8909074868844457,0.4273673802575188,0.09689779073929553,1.3142086165030231,0.3880789892587838
0.9640368748350759,0.5857836697032796,0.08724130229535315,2.8152862223989374,0.3598152647179119
0.9391108633852798,0.7203113727798103,0.0667641906877683,3.3589052684790657,0.3984241523907476
0.8866528440975427,0.6759236906175474,0.11923439794869672,2.051557599464708,0.4919732744381038
0.7926081296075409,0.3951010684461045,0.20192301462603315,1.1264449870305067,0.3704369014548189
0.8068685766570721,0.4859622368830273,0.18180929136092946,1.1899109920482167,0.4075038540360426
0.8885920533882377,0.7402488983318369,0.09278807161379858,3.0285874520702563,0.3943485855493641
0.5394652465077122,0.12141814371941619,0.16844573619743397,0.3398546097492008,0.2530452234512507
0.8627053163385481,0.6135683587186794,0.1309016639183372,1.577767180720181,0.48339950949558896
0.8847943673980371,0.6350827010628816,0.19579217322922152,1.695674279935809,0.4714954889726363
0.8753898063629243,0.6653731600296748,0.17110215725016653,1.7938037527119737,0.44632358139356426
0.9415921796218781,0.6591855291043769,0.1312025958999205,2.5833200057442096,0.46947981822850765
0.7843133514674521,0.5546474122324847,0.1081007626486815,1.2545273046420036,0.45400694562725874
0.8501206932457862,0.6560467822558032,0.12279769000865103,1.7452615592500171,0.44818044510954036
0.9171193798912093,0.5323178539570447,0.13108579830345066,2.197022867682316,0.42221065736063845
0.9051279574770639,0.6955687857330078,0.11056605597035683,2.403437496875536,0.495988111981854
0.826397328048064,0.5490624958854773,0.1492413816675078,1.4056504069586406,0.4625307767853826
0.915349001725732,0.7162361571439885,0.09592017729773487,2.2861148412984016,0.49869087253019184
0.9577007922307648,0.7345226785313402,0.09271022790070334,2.8683025290298976,0.5249760597853876
0.9287200002353546,0.8476266224227592,0.05360582672651621,3.527419906646601,0.5207688639605671
0.8761712166494484,0.5200382986221681,0.16123669764718254,1.665619183863655,0.40808413797971804
0.9121986839203639,0.57617918885754,0.14534073473605594,2.044216087161967,0.35290827009664716
0.9568015487654743,0.587142057675083,0.15934969175918212,2.801852460142144,0.3436920203529408
0.869209049067532,0.5976705252070639,0.11896163104119938,1.723131684186657,0.4497183870428221
0.9513046491522825,0.6059681784688988,0.17071887096494834,2.762237384835359,0.33069838515564975
0.9462457948302255,0.5787914001146058,0.17724386639075282,3.1199387874180333,0.3201943348704119
0.8880379594421437,0.7599311553271462,0.0985236427034686,2.4034370348130345,0.4280158908158451
0.8538066103520027,0.6684331609987358,0.10382688558573155,2.049843549654452,0.4801631874851804
0.8123944234223166,0.48400489405357416,0.1696210259151139,1.300961515282493,0.42828281581700695
0.9108581693168992,0.5247020638934494,0.1018171421169911,1.9420727584239117,0.41459813930828554
0.8762524568193251,0.5478029081273122,0.08662190506175672,1.6385761510007815,0.45570471563098036
0.909084883082135,0.7396974677710721,0.08082511469541774,2.068861644350343,0.5730482358020443
0.9238127094064725,0.7278135926402306,0.1282449571908231,2.6031272112137187,0.4233581907897534
0.8111003779892054,0.5400852083156988,0.20632153834810726,1.1318668103711198,0.5008821784824196
0.8317532412464647,0.5293425963104429,0.24565528141463355,1.2401381783684815,0.4352824998670771
0.9090575258531585,0.6533915631616801,0.18790788431234426,1.9537505127017678,0.4382978842933858
0.9475278869117258,0.7917105577627541,0.09490037354231366,2.7372062324305735,0.5781250554557766
0.8630697076264767,0.5671852363957138,0.17260738904874753,1.7195523567124238,0.37147913620222844
0.9371536479347491,0.6266217087747302,0.11683676372124786,2.8605212424520787,0.33300112251484265
0.8023792228145874,0.5358279094067201,0.10559944276565075,1.7348272938481912,0.37044172267136566
0.8983973657929496,0.558930745117458,0.21869988845684965,1.9050396049205722,0.37097155625816935
0.9572211715984418,0.7829836649347989,0.05433782890495838,3.225165852723894,0.5494766607706584
0.8589435292859592,0.5446602937628882,0.18210647102920904,1.605333510123566,0.3707189206058657
0.827862522059088,0.6462547485360385,0.16874871244898484,1.4107093250748766,0.5341597898288624
0.9276159688481603,0.8930445415156445,0.052854928356361484,3.226726820081056,0.5285286488548148
0.9194115683602035,0.4684461265359248,0.1511896577968755,1.9799372779789448,0.3395117569142505
0.8459495631045727,0.6455911052146779,0.25694823408821515,1.3542965835922465,0.49405373457342316
0.7762742621989758,0.3594887702252187,0.2848241217459092,1.0048462138371386,0.3529944177508197
0.8604955210029726,0.6111077798029851,0.12575030085698888,1.7416929816333362,0.4842013199494738
0.8056392083548483,0.5010040726272333,0.15086058750301024,1.2482384472950199,0.4485909714740324
0.9421599842407188,0.8006298193209714,0.05273890014129253,3.0258477528452286,0.5115475582593825
0.9124594445546551,0.6323265528922564,0.1296297622609016,2.205024381378131,0.4981343752700857
0.9151002726011547,0.7821334814357572,0.08427877999852229,3.4102777227203407,0.434734858928979
0.8502131054035327,0.5554332060089913,0.08362323914996737,1.6905548358478022,0.4080474667430315
0.8690732131408994,0.4743341041712959,0.15188403082344384,1.5602058016151907,0.345906384953275
0.7689073107102048,0.44764029477360895,0.1886330756142087,0.9460751113500535,0.45026244183588365
0.9177047405377602,0.5948254216702388,0.13771748844221562,2.4303805692739964,0.4162169121524036
0.9176924225524634,0.7311111660246792,0.06164814939395374,2.332630137580006,0.5425612726465489
0.8455496961516877,0.5793966779393479,0.10323006748512377,1.8959172674357843,0.41792546022066995
0.8255981322467041,0.3889252152047772,0.1767372744539752,1.235182384360412,0.32286506223128686
0.8918341851552078,0.5357693651971871,0.23450934186302153,1.6681584489400767,0.36799451106365944
0.9009124586902497,0.7032682392332321,0.1220461415071465,1.8686025018302974,0.5114063911574995
0.8782879748666802,0.7204619512018133,0.09602562301228175,2.09489520489992,0.5453195515713419
0.9575150065199226,0.6132587125851093,0.1164386599911776,2.492231242848225,0.36333156767453145
0.8289067763110384,0.44107333198944115,0.1029938955224297,1.4593283297311517,0.4521750017151985
0.8957078531069668,0.7456764159544678,0.057215376237206156,2.9291805499384536,0.47785075100165614
0.9017382187628005,0.540387582559077,0.08946312651334148,2.4349944682750753,0.34139598494428464
0.8343650202443273,0.5847276987857059,0.2072941990141528,1.3278314170294936,0.4972454084555595
0.9463021483744127,0.7494249038558679,0.12117227039151646,2.517720656073828,0.5561622902917843
0.9373081364148501,0.5439425996857595,0.15611284849666604,2.289063888766324,0.44743942556116645
0.8802913386372265,0.5898196097632853,0.21637487060626867,1.6427707699985894,0.4431018886726305
0.870838259533459,0.6955645627706217,0.13209584892829848,2.235643123569703,0.4864070085299858
0.8856030621345019,0.7344479898451826,0.10066977511786451,2.5774100667051694,0.4853020308797666
0.8806180852327304,0.6719504096839116,0.1472053442622416,1.8869587280436,0.4614050879056012
0.8805953832620322,0.5972560661859599,0.27700235496076436,1.46978008859857,0.4743906813123989
0.7952356320803828,0.21598647825562195,0.29025157434565035,0.9693774191894867,0.22747024508170802
0.9386923606082724,0.7791975438844956,0.09410231565594401,3.1763417915758114,0.4220508913301871
0.7031695962674235,0.17691471362686229,0.18726732557798836,0.4075197540481541,0.3633955640863061
0.781116679543084,0.43490370905681935,0.22346488820835517,1.0243329747446326,0.40717418266579464
0.887723754885448,0.5744866456173435,0.1666980566083461,1.7198127516566146,0.4155547309379986
0.9235359490562944,0.5184330039087941,0.09409238744508414,2.4840449192862226,0.3299409122999869
0.9229348051485928,0.7247532347701996,0.11239964414326566,2.3836682493500345,0.4603468088050983
0.8181326470305402,0.5893047652686927,0.16674143027473687,1.7188770947398544,0.37736119041101146
0.9385479075398999,0.7958281480500314,0.06075145247374849,3.367034353973344,0.4311701000422172
0.9411981312630348,0.8864589207404957,0.060528669628662,3.811821838696677,0.4884861687052678
0.8587280864093174,0.6886009248334577,0.11969944774916536,1.4892970887775698,0.5458242712421608
0.9530834831721889,0.7915744570250784,0.0739993071375791,3.718257196730273,0.4435334923366071
0.9154355528210436,0.6771089470747036,0.13081275688971808,2.523417931508601,0.3993065636156471
0.7927464487937766,0.5114042530917127,0.23023502833388096,1.1375668092904947,0.4627037492872423
0.9180956579971665,0.5418064899182976,0.10726468289431675,1.861743797136367,0.3806565670046538
0.8297108038038338,0.5387287644736714,0.203260092000061,1.2813678867806622,0.4278391280569455
0.9277511925214819,0.6729422735469716,0.10880325224598274,2.6136482997029193,0.4630479985583658
0.798645638618123,0.4313687318438137,0.12833886987536539,0.9609640012021152,0.4203650818325542
0.8468115112637744,0.6135015662524123,0.14764968866221992,1.3861308238292032,0.5122747983087254
0.8049082622115136,0.5233390104558395,0.11834706352084005,1.463918846912749,0.4141887885075008
0.912982554764436,0.614315474645535,0.12956287425779214,2.256633150020416,0.4349123117143756
0.9252776606004564,0.6871322712493754,0.08912209379255302,2.1344592457542104,0.5193460887452385
0.9088168168884934,0.7067849901211665,0.11504717611130143,1.9477652397120613,0.4664431601005837
0.9551492675497969,0.5573419697764327,0.11403585820759864,2.7004995036732473,0.39475711962839455
0.7948813014871013,0.4814839735289172,0.10338495884615967,1.1675624684540853,0.46657604669798347
0.8605626592613989,0.6086023982692175,0.0958398022745968,1.9165172844448721,0.445251759810348
0.8826303024529212,0.6955888661017099,0.1582851774892476,1.648316603855658,0.524293929801193
0.9302594581796634,0.7054655686106784,0.12329366513033008,2.3283893940397116,0.5222932649481845
0.953033424384388,0.7536796212056658,0.08244103596149156,4.262851267669414,0.34639603051397677
0.8036142174143696,0.3949599629024178,0.2122237411995982,1.2119145868486492,0.33707429746466955
0.9028354690454294,0.343607013783975,0.11823052986979712,1.5693293222591558,0.2784119198764058
0.7518201025291984,0.44143569815616207,0.11741189841203575,1.0046155322191468,0.4355347345683217
0.9322536798116874,0.8507978901126334,0.05072115720735364,3.6694945368235206,0.49399984970927313
0.9190349818697435,0.4232503051640502,0.1598300896977871,2.072766739179128,0.37855263716824544
0.922673686433448,0.5408017448945196,0.23217437115519682,1.9642766982790363,0.3971564723355199
0.9100103842484991,0.6247987217556187,0.11172880657106127,2.179622410630402,0.43654588544607176
0.811010380471004,0.4506105117793361,0.13944345533309616,1.1039783573931994,0.4643131376802902
0.9646666138263714,0.799558813604119,0.08020715223420298,3.696001768215801,0.3701507246845349
0.8987831783162217,0.6668871495995233,0.07151944296212856,2.2904339496406454,0.430906093892349
0.837378147798694,0.7180816001511905,0.10471477408385858,2.376062122892972,0.4706090825223697
0.8711646638613565,0.5417227527825871,0.12073221453107891,1.5037008138840187,0.4249803393207676
0.932905905676841,0.7559432154832442,0.059162755960485675,3.4457454556999667,0.4615669409390331
0.9239422362567198,0.6551018166849798,0.11399257819498997,2.0378108575678255,0.5085281960613127
0.82510659094692,0.3054506457008221,0.17648292818987368,1.0710865327892374,0.27626300816020927
0.9423192953299953,0.708419011958533,0.07225799290821085,2.74414990171721,0.478541698420441
0.9490192142832122,0.7877954947270547,0.08623112123446251,2.9840217570439624,0.5005344910075874
0.84405147192947,0.5794223817673467,0.14213492382234968,1.5756053294929668,0.4648589311121968
0.9069067481678393,0.6491969135240451,0.11259666326124622,2.5283137283408497,0.3896560930910446
0.9413753246343077,0.7626066624498004,0.1085698226773707,2.779922370884489,0.44470819847540355
0.8748829223044821,0.5028155757851526,0.1395533844972744,1.5698636192377762,0.4093718831463648
0.8770647960838689,0.5335662672298797,0.13004046302432398,1.4814830142783206,0.4607950189973942
0.8819921885940684,0.6052775919525556,0.10131316451465325,2.1512802889864937,0.373770040439855
0.9274164964025524,0.6779875170540742,0.08411356917815198,2.387179683961682,0.4522150924609637
0.9135092311265618,0.6475602685338355,0.11166617954214271,1.9265844725283874,0.48655778879735856
0.9589515537855788,0.654912906585664,0.1342886300163833,3.1558102489480215,0.3419200963826717
0.9648559718026306,0.8153842226729283,0.08146885319943149,3.9867397354665415,0.35895952049271146
0.8392756388046612,0.5420562370780272,0.15147685947252112,1.5342654116292451,0.43346876030855175
0.8553586317404913,0.772738201778101,0.06707061937712797,2.6533887744281093,0.497744876013846
0.9578317709931329,0.6968434799054921,0.056295826063188587,3.5589529463502645,0.4190190096242061
0.9290613392396168,0.5429688264301534,0.13899864936941952,2.1762204549210917,0.42268568154668673
0.9173741987146222,0.6806007632225557,0.17925401275453015,1.9784548385931366,0.4595451524454025
0.9290488241178764,0.6363111730543984,0.06604900177302325,2.4234555732740333,0.5138898169088276
0.7723479866509446,0.4324763782145142,0.19169600958901967,0.9389533307041115,0.45435058349788177
0.9098535424845137,0.6601827128087236,0.13997443003605703,2.0179916551470978,0.48823104579721116
0.8403674017165492,0.5380773978834966,0.21668843780460068,1.4387736336722574,0.39988161156430396
0.9466284302916136,0.7076736456384171,0.08685230174534908,2.923535277989665,0.45376412247996173
0.8737871812116504,0.5949687140778293,0.18199639312379706,2.2115839109122524,0.35931907206738195
0.7747284881054101,0.2138304649889044,0.14595800902430375,0.7188874743664214,0.29776865198787633
0.8441013545781358,0.5974575388825191,0.17272301310071833,1.6766343265632435,0.42666222743160764
0.7431722297094223,0.3529187340504737,0.18214114502113576,0.8701718400244378,0.3957618159001228
0.8962289794272982,0.5771262034606078,0.16423900929235064,1.716374740310607,0.4759180235164447
0.7772574965146433,0.529113539668419,0.2044886504722131,1.0735029875378634,0.49216973137570685
0.8331450101999693,0.5834393667086811,0.125715005828311,2.0361108117579256,0.41691636987975733
0.9051877216574706,0.641158150765496,0.15185836696759633,2.1660497608185945,0.4190602199646516
0.8098752361057872,0.4007368454152575,0.16318780736112,1.2455442488487296,0.35787701558437135
0.7958989779618557,0.449097998801322,0.1639056249283532,1.055714246908997,0.39894820653469776
0.9625664044619896,0.7026476967870022,0.11221135478802072,3.0169139189690988,0.39148307664121107
0.9313973256650713,0.7414738663080831,0.0815030499175713,3.023876849960963,0.42509412227202387
0.93882263094966,0.6573247123301764,0.14545724816928968,2.2389441827317373,0.4090097234608018
0.8069729421791019,0.41860491859152765,0.1896863255176993,1.1167775085074956,0.3755853834835269
0.9068706466452268,0.5611024942097013,0.18558512702662042,1.7435455069853345,0.4466049879035481
0.9684227770851226,0.8033918581777943,0.07580232687061329,3.759446480484571,0.4851784714851186
0.8231447512412101,0.46920794330201926,0.11757937037580495,1.1945031130110302,0.43381109523061956
0.8664208257738892,0.5664200715983149,0.1024129639035038,1.7285087768588507,0.42738761123288904
0.9187509020336666,0.7934357863729752,0.06557984438502493,3.1345889568467715,0.5296525259416345
0.9067348096717623,0.7026367764452127,0.13253955516112428,2.0600078522097895,0.5074882345879561
0.9229622630941947,0.5421834053023498,0.1310158237076156,2.1422313921495046,0.3934109001318853
0.8652307676656359,0.7079097725720189,0.05126173002109414,2.885407250101721,0.4173598095566855
0.917940538967168,0.657067888091898,0.12304462143999902,2.1336588669392818,0.433568312468665
0.8563454013239116,0.649162085193619,0.20267783038533357,1.6131535499230087,0.4550221267077927
0.8993461481026368,0.4985624115999904,0.2138161212077759,1.7228342941888277,0.432992860055264
0.8842374849533131,0.6122009472157812,0.10625322761882332,1.671109580543031,0.5444305819303493
0.8619992754522149,0.6955670314250184,0.09450091193130995,2.296627930239043,0.5048307785263404
0.7491906184473045,0.46191956973985887,0.16001861317018834,1.0154886729732409,0.43702304725146973
0.8530996721177868,0.637986482979634,0.08331481055903314,2.3129365961906636,0.42650344995812456
0.7588783896227945,0.4515121487409898,0.17190202866161267,1.0585578464063141,0.40931821151422826
0.814885712093995,0.5042482811344309,0.22136470818361562,1.27168759622293,0.4163091672947619
0.9225312266747279,0.636709518841157,0.1416871363817394,2.076132625552079,0.4180971177967814
0.8165344098990828,0.3273250454036284,0.2291977425449281,1.3139511687178118,0.2958607558761308
0.871283667414829,0.6491556608259477,0.09592126337441133,1.9698721861046404,0.5139215536110053
0.9055146348181219,0.6509077147252249,0.11232453010747982,2.041724737426641,0.4554430806055794
0.8638505665260644,0.4153779402937329,0.17478866246429645,1.22684847899014,0.3910578886849864
0.8071712431256038,0.3574026797843263,0.1372452556773657,1.2044532392924432,0.403155011060631
0.8737787912124588,0.5995331343904622,0.1988619204766855,1.5826003521577086,0.4581672103282246
0.8774284577217479,0.7880995015896515,0.057643283848529146,2.9520824415159397,0.44253763247885913
0.8401107698250835,0.5252405258570974,0.12821370351078368,1.2199572190644843,0.4438859483461614
0.9443967877861117,0.6925478048804716,0.1023059566804546,2.5871489874527738,0.5321029201276701
0.9358175006276644,0.7632990430806756,0.0678721711720739,3.1425950170377446,0.49396707736217527
0.820615144201108,0.4847643265825611,0.20985405473467444,1.1551098222216374,0.45184749785729644
0.933740831921953,0.5659640511519917,0.11363122339892257,2.2076356996686886,0.3601269265405312
0.8665980580076553,0.46917784291766007,0.21126877470819058,1.472625862842368,0.38897751003359554
0.8591367347134188,0.6742610837956495,0.1551373262637169,1.7664402635847751,0.5373808661817572
0.9511550055126862,0.6731397331492054,0.12603429702592261,2.5667680439052427,0.3775510902360373
0.8837269772756595,0.5917857199767166,0.183014664303885,1.8461458423467465,0.4389765496633857
0.9245151926330324,0.7776718578529993,0.08603871862794939,2.514832552875791,0.4979186795609025
0.8970053710394695,0.6694921893131015,0.14538389915402003,1.6841316460207234,0.5235227084960776
0.9268726577132146,0.5505463960465958,0.101380145615502,2.0338489585227575,0.4448924766304601
0.7526953745634397,0.39427739931426714,0.10382708632560801,0.8414374962889307,0.4770686627359011
0.8496508921113463,0.6175295261829877,0.19883489676096774,1.4581461489153045,0.4969235701213274
0.8553968232654159,0.5902884036320892,0.1669043358410852,1.5353997836572957,0.47267564513839627
0.9028856853000033,0.49182763758028253,0.19964840853758026,2.0001715071433335,0.36466097800496433
0.6972498031339895,0.2891464624113803,0.14251558773249326,0.6407777877046853,0.41394691976472703
0.9244621888065365,0.5587714038065226,0.22707559055618562,2.481858418978394,0.33697468486434196
0.9154038343633082,0.7161769078840435,0.07315126771624271,3.0343819562990837,0.4440925875023578
0.7865129442000136,0.4327011871815566,0.27449210276742514,1.0072276079723714,0.441950818594447
0.7707387852059839,0.40701898092146116,0.143489504796442,0.9724842474327858,0.4197437835447811
0.92692065515653,0.7834219237876487,0.05135028435564881,2.8388477424215477,0.5160474523267853
0.9394444880179124,0.6839042576859732,0.15031568561965244,2.4302757739821357,0.41434494312552744
0.9650744521592837,0.7426350019455,0.03706420466055849,4.376170397965774,0.48918932394103243
0.9539370918180704,0.749064381874516,0.09104622565343314,3.087016114937076,0.5066277657089846
0.7752379611876677,0.28406650170677017,0.08943219970174004,1.0373114809029231,0.3006515002592189
0.9321561825215359,0.6914882039845035,0.10456859364310765,2.6955039947841772,0.35116756337481103
0.8751599157279707,0.5474302986795663,0.08088855386316803,1.8518383094739121,0.5008811121024217
0.787182125228075,0.518726658641624,0.11667162605993504,1.1152718125714434,0.4861764898699444
0.8265443995804186,0.28963303335450696,0.16915620048283,1.119982599481298,0.29097321044776536
0.9145603605321833,0.6298501272446931,0.1469219829011122,2.2414913424177856,0.4596000407615575
0.9526767788443519,0.8333725947380216,0.04862308201902798,4.485201259151548,0.40828992741736003
0.8520171646344381,0.49741201086961473,0.2081404359007891,1.3069658528105383,0.4038609864428099
0.9496209917905367,0.8304004814542145,0.0549653360822252,3.142508881549515,0.47455637843667337
0.8082545720724841,0.49641589766618593,0.18296644652809158,1.2928348047272968,0.4162962454754796
0.8574120579698828,0.3547124560017423,0.10721060833343765,1.2856180502810701,0.37914475512174656
0.8749102378424686,0.5952622669354642,0.14226751859095246,1.7680665574179244,0.4586808999325515
0.5313762321187355,-0.03043969526464434,0.259504014906104,-0.04806393026283973,0.12489440840520365
0.8242612859974275,0.519467215460502,0.1308218867121805,2.209745664005881,0.3354069155195711
0.8765261834001605,0.5672062694048107,0.15466070160463316,1.6155920869071998,0.4737411205523373
0.8701330942382459,0.5535018634060446,0.15358122716682118,1.5361791157688833,0.43608815679984575
0.8975543261954362,0.5440413242492966,0.17698327497964095,2.0119618727201827,0.36166584854392964
0.914474987860023,0.8694835118534792,0.05798561686834011,2.4039800809289864,0.6269247226188395
0.9113793816673352,0.7422639793028984,0.1306776996649127,2.2795717537989373,0.45695737550531224
0.8059528761339368,0.477856030275676,0.14056876406817567,1.4074718398395822,0.38388961021132223
0.8464364829876955,0.5515571658667963,0.22344580315646742,1.3651091663693589,0.44379115616795406
0.8879248001214379,0.6394105971329044,0.07442031509958091,2.498767757083863,0.4036410907095355
0.9471784067404002,0.8301990863892221,0.05851922065859266,3.775180415160215,0.5082257288361931
0.7821115692828451,0.45358998089181723,0.29152107117624065,0.9952956942683847,0.4064166539029673
0.800120155607526,0.3513559441923855,0.18476801155267344,1.0038584353270377,0.3799837390875872
0.9648145958694991,0.8015318886397624,0.07846211396936204,3.326041910521488,0.4570598735857986
0.9340303309344763,0.571918624791248,0.2318225876840527,2.042280089652581,0.38619530385873463
0.86845104949795,0.5144249546154847,0.1711834974373531,1.6129106784242544,0.41042377115775863
0.9029833406424594,0.5890535183740522,0.16826269206878056,1.838604593425982,0.4305329630335206
0.8262116453223667,0.6129082061709016,0.08482360790187514,1.6650352163716915,0.454954402389779
0.8990937877802408,0.42671460996989535,0.13073654141175475,1.8342373233649019,0.41176016391195625
0.8139216383087557,0.4198105344071552,0.2546696303876113,1.1667147076556748,0.4258667293737811
0.9138159703475969,0.8241269372511957,0.05453244896673048,3.577053889474908,0.469804314936326
0.8826949637149327,0.6162909959509377,0.1365952788611505,1.7474370465976707,0.46201036701238124
0.9302557673365266,0.8482874490270046,0.06602749913621346,3.761330356759674,0.5016629763562577
0.9276466136236446,0.7971815890641823,0.05837708854714908,2.466065936053062,0.5734718761530295
0.883948553744115,0.5972887791404909,0.08708592895283346,2.221620161411873,0.37918553780375974
0.9099172728110482,0.8128950044493265,0.09110072259498987,2.8795352428334473,0.5196725376454364
0.9373995619589274,0.5445203772210633,0.11833470075021026,2.2695873799810573,0.36633526438490843
0.9549375552943598,0.814896926146707,0.060147928120534544,3.694416993397631,0.5873497584482128
0.9495353299730118,0.5218129517149946,0.15376904503834166,2.9650257494809114,0.32128498527914534
0.9433743374516197,0.8444229913887438,0.06341806132532268,3.6670350623780887,0.5256225925841389
0.8568458454495156,0.5958905640558827,0.20528101945783825,1.4483911141668795,0.4932080903313284
0.9181668181362332,0.644260098378184,0.10765028143352397,2.1267117058171725,0.43623334107291384
0.8401672333103551,0.6432300895927413,0.12766982233633753,1.4198476177111532,0.5399202314223901
0.8457625508977332,0.5713416812341604,0.13856631721713608,1.366381566136657,0.4740928043027464
0.7640737005643548,0.3463121263538358,0.26083840491930366,0.9963790674015585,0.3296177051659508
0.8209243458220193,0.3517499325140483,0.26654534618794834,1.2762314390688738,0.3163574555029126
0.9308336420941428,0.5830490089112894,0.15431992986861,2.4185630983182964,0.47362180854939284
0.8128699093855798,0.5638453527348697,0.11191455470630451,1.4248544451097092,0.47466737065323583
0.9691762778931368,0.7446365444481147,0.06442013917800987,4.079173245874172,0.3729508605566736
0.8753736422546441,0.5131474314073887,0.14758576422445338,1.96912414875999,0.37929355649851454
0.8993355953156421,0.6260420667374104,0.1523721001304104,1.7706176423115214,0.46506988700273816
0.8015537326547771,0.6187215629788108,0.11300494153856164,1.3515909601035878,0.5019999955907163
0.9143523357901858,0.5196066709332926,0.16880396647389617,2.177460222008109,0.3358307623400911
0.883958628125218,0.6058509049357073,0.10310686614007114,1.9692816097154298,0.4198540186014183
0.7918579936526852,0.4963646345681595,0.14950440619186048,1.1394095820979762,0.4428988029432867
0.9005255082723626,0.7471406638768626,0.09225210374478894,2.37138081020112,0.5873296952979495
0.9258640924259893,0.7465550061281399,0.07135052524277079,3.1312505696778667,0.4476438261759969
0.8262507700742098,0.37723672190723945,0.28792910765134744,1.2483894431539986,0.32799860959502236
0.8592540152797007,0.45686014546355364,0.2238268621424345,1.3224662987394615,0.4096358567822885
0.784083924290082,0.47261961197927777,0.1726925657736904,1.0792205699842938,0.4491142156683191
0.7842701035182996,0.5430749923686511,0.1466425620881572,1.3680262809573462,0.46562810628700463
0.9013550209646962,0.6941404132330784,0.13666609768636015,2.2529886025608126,0.45652843577603025
0.8505769124685165,0.6189587162796768,0.18354079272729987,1.3973722739944738,0.51355875684174
0.7296504946921547,0.20813013069118222,0.232341371193915,0.7084337823932726,0.276963468199392
0.8957963803722152,0.7260277440161628,0.14439178432844552,2.033795713655904,0.4872731794925825
0.8988215362977884,0.8588298445031683,0.05123385834448097,5.068173722650339,0.3792555484780772
0.8330387029830902,0.5641604686500636,0.2693677375955464,1.2637646834306815,0.4503067688947702
0.9303926888897389,0.635291486395087,0.08057938004819319,3.381001347475153,0.40889757399622595
0.903444097844822,0.700334528412838,0.1734994173675025,1.7488861885928233,0.50361245027861
0.697931302942519,0.2885900726580051,0.16364169778750964,0.6511114697757652,0.3789251802286769
0.9075133239145031,0.7673958099949695,0.06263210111773967,2.2047524593313743,0.5467768692567888
0.8290350566117916,0.5538855343920837,0.17539567286621235,1.4594076712982016,0.4371438292716521
0.9423632129191607,0.7068479612940369,0.12005790717649423,2.8208835793501605,0.44418039345819293
0.9196587581560891,0.7551570798610197,0.05968864231789351,3.0802680989229265,0.47637942710246095
0.9250992926580521,0.6748267806967487,0.09174018051308837,2.814291302107146,0.4281327711074554
0.9155430279298128,0.5509437011409657,0.13961332776422067,2.4126023276552706,0.35871509867544993
0.7611847233613476,0.29438691036570735,0.1634039431429208,0.8085101499909234,0.36583674355651974
0.9366905718086217,0.7487259038664285,0.10187859402109954,2.875288367972486,0.42912122847710843
0.9188966586454004,0.708048654252758,0.07787156045990243,3.1432410600338825,0.43209092798666576
0.8010450957607125,0.32898823725510096,0.15948059753370822,1.030847689486568,0.4061105762730474
0.8550825158591552,0.5414512854791212,0.13064867367195238,1.3765103527566225,0.4272308607301052
0.9166157181218004,0.7990842424496399,0.060602004780872305,3.876144794162433,0.47840201666904636
0.9024098316042738,0.7111556123692848,0.15302430964666905,1.8874742699222087,0.531977845865992
0.9059012260756102,0.5579835350963155,0.08051982877632852,2.876439803863656,0.3731396797974815
0.8419546525842457,0.6671269986939676,0.140373512842848,1.7546643481061248,0.5250535983061251
0.8152573349168764,0.6494106499199721,0.16106665923419017,1.2602947403078304,0.5691050344602349
0.8662098915059172,0.5348982431362099,0.18676888988223192,1.7423546033314552,0.41168299903032823
0.8125078943443914,0.5389981060211116,0.21010061084138337,1.18865716315849,0.4929629209555865
0.8141634790194178,0.5773879185909628,0.2311906903880562,1.1882070715307804,0.5374949170715688
0.9279034009559622,0.712115833277817,0.11475758183901189,2.4892421108679668,0.5131441620881537
0.9402368424950338,0.6686553389069128,0.14008419391980145,2.491419291690524,0.4557798204189994
0.9316918107872529,0.754062607806775,0.06478035964480379,2.9598613691783,0.49789318378733144
0.914604340381984,0.6640970776458028,0.08345798746081186,2.418239945823309,0.4999247673088321
0.9123074360587483,0.6481942498883546,0.0976475857102893,2.1421128612164817,0.5298331001307294
0.9005684314058193,0.6597444170093492,0.11992510123776884,2.6299538825828375,0.4225807038624951
0.8717983938331565,0.5080967076050126,0.14199550657781032,1.7325650272463078,0.4408345283166916
0.860047191314741,0.5156110379665565,0.20856315899467814,1.4199496997489314,0.4074937697659975
0.9369663559236896,0.6727481381545116,0.140334683519909,2.3363764113650625,0.45418987900111835
0.9194803196419724,0.6610495320304313,0.0791530232087454,2.5793981106221175,0.41393875032547933
0.8885802337621691,0.8200995677354048,0.05780482676620336,3.27412776691492,0.4625870485023563
0.9307154562757399,0.7148705602312344,0.08264558946367119,2.879494460925899,0.4623781705161427
0.851600461541221,0.4261473370046272,0.27036189423442525,1.533711420874591,0.35233095278003307
0.9354793438706143,0.7715172765133348,0.07181463140905434,3.0743908218444402,0.5454786938815708
0.893252117423886,0.7283530470385723,0.07539908590745573,2.7554428126997337,0.4094935937067362
0.764809733820791,0.25878296284988284,0.15660228064899157,0.8745178296016218,0.2975445931931487
0.8842259217583178,0.6793058930383489,0.07090939039122701,2.4340534222321075,0.4406010970383323
0.8677243577108399,0.6774230271567616,0.07142432450638879,3.5761355607654832,0.3449486670248905
0.8613163529816208,0.8099423238280109,0.04548912045127512,2.4532202794938893,0.5365575822238499
0.7679778506238671,0.36773439030723043,0.1044744534992313,0.8721663560072964,0.45154897292005347
0.9138705830689531,0.7000962032959119,0.13631719853524987,2.1828051668342217,0.42223646640344165
0.8028593575397258,0.44855361546435624,0.15658394712414966,1.0273683368851627,0.46534052958694005
0.9452033920668755,0.7785920524356063,0.07644363261806293,3.205702288585799,0.53261329680629
0.9727669991083501,0.7729409996932487,0.0804402950803448,3.9661866571161646,0.4175919116232633
0.9348249326119568,0.664789624402341,0.16027141826524186,2.294817120779848,0.42423450802092083
0.9239093218184166,0.684535154720696,0.1466357785728424,2.1068188604838567,0.4695225261082776
0.8820489842543349,0.6055013528218156,0.28044302711494734,1.5049101684800008,0.44370379332173054
0.7943981439716146,0.47389817987980065,0.29344039895929985,1.0504454456028398,0.4283896822301306
0.756071143826185,0.45268358890505384,0.1887471906623708,0.9167485837843851,0.4433455881146773
0.7912291498830202,0.3557653704989964,0.19458716439377133,1.004202638584788,0.3534375151474478
0.8557102029398462,0.5883835283545927,0.18303401071610223,1.6023792962595749,0.4368132772598781
0.9693168555294398,0.7914165445229113,0.06709455043985581,4.235399026932505,0.4353956616774108
0.7557069174610438,0.37220544180054976,0.1986450917575031,0.8841301749059173,0.3780318277144692
0.8988168569950359,0.6230809785642532,0.2063380454017435,1.7751535485250327,0.4493403654089581
0.8946740445472094,0.6444878359337004,0.17390726300929735,1.9585734136016368,0.43069838047202186
0.9536999012278184,0.8240533676100117,0.04158348257051774,4.095858678830185,0.4690678742693575
0.8378478154988606,0.5943321281254262,0.13843322124391386,1.4042210318908346,0.49713235628115043
0.7396205817984908,0.4427230887704626,0.28668691355280057,0.8933355787767008,0.4341819554208002
0.8827345187676795,0.5919890534942279,0.14184161018448185,1.6581721229217041,0.5344438058273618
0.9289943512390928,0.8080732600371895,0.06156590002845112,2.5268341299599006,0.6051252862615292
0.825088762738979,0.5156529296168885,0.15325724168773194,1.3729802812694492,0.42897103482194676
0.7945863492980465,0.3955011695800414,0.2270085478529221,1.1023049382495027,0.36203370011509856
0.8215026928553292,0.662540912489581,0.10563361253909936,1.7369007850419906,0.4954292598520528
0.8929128453783394,0.4547097839376668,0.19651252520628995,1.9901240138145464,0.3324593634301653
0.9565011974659807,0.7102563263578684,0.1110173515700833,3.050190232881411,0.44980365895173935
0.9259591216312488,0.534436555394335,0.19291808178960212,2.347544963523775,0.3557715711479292
0.9258261894417993,0.5821160048449845,0.12999454631134225,2.7035562146413894,0.3766997786412712
0.8129819736425417,0.20759224648325347,0.21907017178111998,1.085226838007273,0.18098602834903102
0.9409639403154818,0.8862995025134243,0.052191331398784624,3.2544564712955353,0.5401769173839656
0.8764366943373328,0.6446697662326492,0.11517408130757957,2.015809719622566,0.5140215323346892
0.9542826036977614,0.8579236011291141,0.049666193309611036,4.346517843950679,0.5206482940701395
0.829304589776951,0.3570137618587812,0.14909219964257925,1.1384449043965075,0.42222697516440333
0.9134133103441328,0.5724696899347924,0.14546354994865907,1.8309783185939938,0.40992365851627
0.7712098051292504,0.42033305445313185,0.14037316571161007,1.4724014542349477,0.3283536561940821
0.9279745131771636,0.6749197476384442,0.12255299658773444,2.668115798144589,0.42504818681729606
0.9172530192091746,0.8150146862608652,0.05043009455235689,3.101811749145306,0.5166809339172896
0.8312989844147579,0.5281538062761115,0.1936152104252097,1.341212542635032,0.449813438507428
0.6361541040575681,0.2462854441315245,0.15719252339065265,0.8168069727625428,0.2697441215448722
0.9233200031373536,0.5930129478501119,0.1428301524675311,2.0198710428408226,0.45696647288870434
0.8942122984434286,0.5507446077144589,0.09547293783896303,2.137060104253323,0.40351008652387554
0.9326847320416194,0.759278778042006,0.08759179448494378,3.2646256878318,0.43453754895496627
0.9134696957433572,0.5810199897466451,0.17519628127455042,2.155878951384403,0.3521434058374939
0.9283150126786391,0.6530101036945217,0.128848661622372,2.3849174625451774,0.4717267447635152
0.8331638224313083,0.47619896098982284,0.17145592806245458,1.6673895770627845,0.3116909467696065
0.9251036831746822,0.5798154601631379,0.1240918093901663,3.127543017312159,0.3939460208534626
0.9124748910536523,0.5626446290302115,0.12351429423555459,1.9287349734149946,0.4491984362041964
0.6818114741763739,0.1690334728726613,0.22724974953842594,0.49071033486543253,0.3155769454241349
0.9143038485208396,0.6199776028003743,0.08248882661484733,2.091102919869366,0.41784282738402384
0.8948781205095623,0.5218729081143072,0.09661680627706193,1.6473108998367285,0.399376127780797
0.9214075155003929,0.5759259912924698,0.17881492980620037,2.183594684959436,0.41291952491673833
0.8470071666355812,0.44589950366133535,0.1595355938112548,1.317205762692976,0.4025885622888323
0.8265704731215066,0.6728483789276886,0.12793957294676297,1.5957971634925343,0.48602041082915504
0.9200024390413799,0.6285160799372305,0.14142370612151042,2.20410904373679,0.422483856833586
0.9283473489326138,0.7327492599405702,0.09678816745062654,2.5588285470372263,0.484068824175819
0.9298272051436608,0.8073765543510559,0.06038858337166761,3.367274111525057,0.5407801321978439
0.9049945579782225,0.7025349701365374,0.16870441688843704,1.8293893959065999,0.5185205072589161
0.9726845525807232,0.8448384572704861,0.033517213413021794,5.425600879842051,0.44186237493702596
0.9153608855036939,0.8146692970131594,0.03702027654425281,2.9384585413388438,0.5677550964435109
0.9129144503353783,0.6020084789867104,0.14932544861488042,2.1607264991219535,0.44901508900007864
0.7189727783800032,0.2533060614419698,0.2101185489301772,0.6955733505927276,0.3323807488555974
0.9568399711052834,0.6658624066538421,0.08049683221506654,2.891823154438289,0.43126677501274785
0.9274628241966607,0.700768199252584,0.18150580481966525,2.0659924326049315,0.47220215608640653
0.8786646569043244,0.5117980929438114,0.07915676124965586,1.8980827854721294,0.3912719885327523
0.9014491200821919,0.7412208253700049,0.08818574833058966,2.460203448877446,0.4779729313934239
0.9482384964477446,0.6194701568767262,0.09344451875622534,2.7722476693449174,0.41932324220237704
0.8864445608200676,0.5916416376499218,0.1590584572612711,1.7649174747798195,0.4566971564786002
0.8574584207648817,0.5803678612327519,0.24958816684345778,1.435832489544178,0.470250786030075
0.9189182507476356,0.670223444360251,0.18244963550925822,2.2121449968429405,0.3927700834846413
0.7954295007507413,0.283633990348256,0.19943799522252845,0.9903121912908024,0.2822621486763279
0.9516698602070568,0.7584994978582722,0.08989944607847232,2.616632047703531,0.49650439221533316
0.8769063433790129,0.44797546785835474,0.20106038657604783,1.5504194326565157,0.3628139603202387
0.8565873082000205,0.6884147658303325,0.1311437218743212,1.5866532971900087,0.5184688205854748
0.8528558000569479,0.4687652036950783,0.23124403937745922,1.3385748611379917,0.40652096185952385
0.9319703051752414,0.7147620764483512,0.11397379433057368,2.322984906262055,0.49350479971130656
0.8676359978882863,0.6488959323684199,0.12109357150253391,3.0338917568737958,0.29532938099978157
0.9101584863239897,0.5420134554782151,0.16427392009483946,2.127355116580181,0.337056684554124
0.7519856099636995,0.29356693665257055,0.18978305818294086,0.805512135600471,0.43867190260092376
0.8527189879737548,0.5650680815554091,0.17005910287165538,1.8190054594079799,0.4266602049180062
0.8140617886600167,0.47464822229068754,0.09128609420516054,1.572892611398535,0.4344879763728519
0.8150305329899308,0.5813672801146814,0.16117758175467936,1.18236680355174,0.5243969409827753
0.7912319076696525,0.3900169130405715,0.2558757506778782,1.1133667127161422,0.36554552423624276
0.8926348471207013,0.7553942085352342,0.07632205161614984,2.1209805100116417,0.5211159190219293
0.8770291568254261,0.6866384950619187,0.16658080622921637,1.8626867334282295,0.477281884959868
0.9233175342810542,0.5526215149440865,0.1251131481872495,2.1597321874235926,0.45833793515307764
0.9033362828203506,0.7747502610503069,0.09098221807772396,3.131733480429791,0.4037990107607022
0.8045303924579957,0.4035265735293583,0.18234589683337663,1.2257104777949568,0.38397981943596216
0.8156364622793829,0.5566851305971731,0.17236814149714963,1.5560846616222483,0.3702394940114566
0.8847729524505562,0.6265508114086232,0.13763873102374444,1.6897998767751414,0.45891470619022506
